[
  {
    "fields": {
      "background_image": "category-backgrounds/accessories.jpg",
      "background_image_alt": "",
      "description": "",
      "description_json": {
        "blocks": [
          {
            "data": {},
            "depth": 0,
            "entityRanges": [],
            "inlineStyleRanges": [],
            "key": "",
            "text": "",
            "type": "unstyled"
          }
        ],
        "entityMap": {}
      },
      "level": 0,
      "lft": 1,
      "name": "Accessories",
      "parent": null,
      "rght": 2,
      "seo_description": "",
      "seo_title": "",
      "slug": "accessories",
      "tree_id": 1
    },
    "model": "product.category",
    "pk": 7
  },
  {
    "fields": {
      "background_image": "category-backgrounds/groceries_HagDCol.jpg",
      "background_image_alt": "",
      "description": "",
      "description_json": {
        "blocks": [
          {
            "data": {},
            "depth": 0,
            "entityRanges": [],
            "inlineStyleRanges": [],
            "key": "",
            "text": "",
            "type": "unstyled"
          }
        ],
        "entityMap": {}
      },
      "level": 0,
      "lft": 1,
      "name": "Groceries",
      "parent": null,
      "rght": 2,
      "seo_description": "",
      "seo_title": "",
      "slug": "groceries",
      "tree_id": 2
    },
    "model": "product.category",
    "pk": 8
  },
  {
    "fields": {
      "background_image": "category-backgrounds/apparel.jpg",
      "background_image_alt": "",
      "description": "",
      "description_json": {
        "blocks": [
          {
            "data": {},
            "depth": 0,
            "entityRanges": [],
            "inlineStyleRanges": [],
            "key": "",
            "text": "",
            "type": "unstyled"
          }
        ],
        "entityMap": {}
      },
      "level": 0,
      "lft": 1,
      "name": "Apparel",
      "parent": null,
      "rght": 2,
      "seo_description": "",
      "seo_title": "",
      "slug": "apparel",
      "tree_id": 3
    },
    "model": "product.category",
    "pk": 9
  },
  {
    "fields": {
      "has_variants": true,
      "is_shipping_required": true,
      "meta": {
        "taxes": {
          "vatlayer": {
            "code": "standard",
            "description": ""
          }
        }
      },
      "name": "Paint",
      "weight": 1.0
    },
    "model": "product.producttype",
    "pk": 7
  },
  {
    "fields": {
      "has_variants": true,
      "is_shipping_required": true,
      "meta": {
        "taxes": {
          "vatlayer": {
            "code": "standard",
            "description": ""
          }
        }
      },
      "name": "Music",
      "weight": 0.2
    },
    "model": "product.producttype",
    "pk": 8
  },
  {
    "fields": {
      "has_variants": true,
      "is_shipping_required": true,
      "meta": {
        "taxes": {
          "vatlayer": {
            "code": "standard",
            "description": ""
          }
        }
      },
      "name": "Juice",
      "weight": 1.0
    },
    "model": "product.producttype",
    "pk": 9
  },
  {
    "fields": {
      "has_variants": false,
      "is_shipping_required": true,
      "meta": {
        "taxes": {
          "vatlayer": {
            "code": "standard",
            "description": ""
          }
        }
      },
      "name": "Wine",
      "weight": 1.0
    },
    "model": "product.producttype",
    "pk": 10
  },
  {
    "fields": {
      "has_variants": false,
      "is_shipping_required": true,
      "meta": {
        "taxes": {
          "vatlayer": {
            "code": "standard",
            "description": ""
          }
        }
      },
      "name": "Beer",
      "weight": 1.0
    },
    "model": "product.producttype",
    "pk": 11
  },
  {
    "fields": {
      "has_variants": true,
      "is_shipping_required": true,
      "meta": {
        "taxes": {
          "vatlayer": {
            "code": "standard",
            "description": ""
          }
        }
      },
      "name": "Cushion",
      "weight": 0.5
    },
    "model": "product.producttype",
    "pk": 12
  },
  {
    "fields": {
      "has_variants": true,
      "is_shipping_required": true,
      "meta": {
        "taxes": {
          "vatlayer": {
            "code": "standard",
            "description": ""
          }
        }
      },
      "name": "Shoe",
      "weight": 1.0
    },
    "model": "product.producttype",
    "pk": 13
  },
  {
    "fields": {
      "has_variants": true,
      "is_shipping_required": true,
      "meta": {
        "taxes": {
          "vatlayer": {
            "code": "standard",
            "description": ""
          }
        }
      },
      "name": "Top (clothing)",
      "weight": 1.0
    },
    "model": "product.producttype",
    "pk": 14
  },
  {
    "fields": {
      "attributes": "{}",
      "category": 7,
      "charge_taxes": true,
      "description": "Tonight, my love, let us take fat brushes and paint the skies with the shades of nebula tides. Get the dark, moody shades of the ether.",
      "description_json": {
        "blocks": [
          {
            "data": {},
            "depth": 0,
            "entityRanges": [],
            "inlineStyleRanges": [],
            "key": "",
            "text": "Tonight, my love, let us take fat brushes and paint the skies with the shades of nebula tides. Get the dark, moody shades of the ether.",
            "type": "unstyled"
          }
        ],
        "entityMap": {}
      },
      "is_published": true,
      "meta": {
        "taxes": {
          "vatlayer": {
            "code": "standard",
            "description": ""
          }
        }
      },
      "name": "Nebula Night Sky Paint",
      "price": {
        "_type": "Money",
        "amount": "15.00",
        "currency": "CHF"
      },
      "product_type": 7,
      "publication_date": null,
      "seo_description": "Tonight, my love, let us take fat brushes and paint the skies with the shades of nebula tides. Get the dark, moody shades of the ether.",
      "seo_title": "",
      "updated_at": "2019-03-06T12:47:35.666Z",
      "weight": 0.0
    },
    "model": "product.product",
    "pk": 61
  },
  {
    "fields": {
      "attributes": "{}",
      "category": 7,
      "charge_taxes": true,
      "description": "The rich, deep hue of space dust. Vacuum packed and airlocked for long-lasting freshness of color.",
      "description_json": {
        "blocks": [
          {
            "data": {},
            "depth": 0,
            "entityRanges": [],
            "inlineStyleRanges": [],
            "key": "",
            "text": "The rich, deep hue of space dust. Vacuum packed and airlocked for long-lasting freshness of color.",
            "type": "unstyled"
          }
        ],
        "entityMap": {}
      },
      "is_published": true,
      "meta": {
        "taxes": {
          "vatlayer": {
            "code": "standard",
            "description": ""
          }
        }
      },
      "name": "Space Dust Navy Paint",
      "price": {
        "_type": "Money",
        "amount": "15.00",
        "currency": "CHF"
      },
      "product_type": 7,
      "publication_date": null,
      "seo_description": "The rich, deep hue of space dust. Vacuum packed and airlocked for long-lasting freshness of color.",
      "seo_title": "",
      "updated_at": "2019-03-06T12:47:35.878Z",
      "weight": 1.0
    },
    "model": "product.product",
    "pk": 62
  },
  {
    "fields": {
      "attributes": "{}",
      "category": 7,
      "charge_taxes": true,
      "description": "We are all connected to the universe, because every cell in our bodies was cooked in the hearts of dying stars. Red Dwarf Paint: the color of Carl Sagan\u2019s dreams.",
      "description_json": {
        "blocks": [
          {
            "data": {},
            "depth": 0,
            "entityRanges": [],
            "inlineStyleRanges": [],
            "key": "",
            "text": "We are all connected to the universe, because every cell in our bodies was cooked in the hearts of dying stars. Red Dwarf Paint: the color of Carl Sagan\u2019s dreams.",
            "type": "unstyled"
          }
        ],
        "entityMap": {}
      },
      "is_published": true,
      "meta": {
        "taxes": {
          "vatlayer": {
            "code": "standard",
            "description": ""
          }
        }
      },
      "name": "Red Dwarf Red Paint",
      "price": {
        "_type": "Money",
        "amount": "15.00",
        "currency": "CHF"
      },
      "product_type": 7,
      "publication_date": null,
      "seo_description": "",
      "seo_title": "",
      "updated_at": "2019-03-06T12:47:36.096Z",
      "weight": 0.0
    },
    "model": "product.product",
    "pk": 63
  },
  {
    "fields": {
      "attributes": "{}",
      "category": 7,
      "charge_taxes": true,
      "description": "There is life in outer space. This vibrant light speed yellow paint brings life to any surface. Goes on easy and dries at light speed.",
      "description_json": {
        "blocks": [
          {
            "data": {},
            "depth": 0,
            "entityRanges": [],
            "inlineStyleRanges": [],
            "key": "",
            "text": "There is life in outer space. This vibrant light speed yellow paint brings life to any surface. Goes on easy and dries at light speed.",
            "type": "unstyled"
          }
        ],
        "entityMap": {}
      },
      "is_published": true,
      "meta": {
        "taxes": {
          "vatlayer": {
            "code": "standard",
            "description": ""
          }
        }
      },
      "name": "Light Speed Yellow Paint",
      "price": {
        "_type": "Money",
        "amount": "15.00",
        "currency": "CHF"
      },
      "product_type": 7,
      "publication_date": null,
      "seo_description": "There is life in outer space. This vibrant light speed yellow paint brings life to any surface. Goes on easy and dries at light speed.",
      "seo_title": "",
      "updated_at": "2019-03-06T12:47:36.309Z",
      "weight": 0.0
    },
    "model": "product.product",
    "pk": 64
  },
  {
    "fields": {
      "attributes": "{}",
      "category": 7,
      "charge_taxes": true,
      "description": "Turquoise is the new black. No more gloomy night skies, brighten up your evenings with hyperspace paint.",
      "description_json": {
        "blocks": [
          {
            "data": {},
            "depth": 0,
            "entityRanges": [],
            "inlineStyleRanges": [],
            "key": "",
            "text": "Turquoise is the new black. No more gloomy night skies, brighten up your evenings with hyperspace paint.",
            "type": "unstyled"
          }
        ],
        "entityMap": {}
      },
      "is_published": true,
      "meta": {
        "taxes": {
          "vatlayer": {
            "code": "standard",
            "description": ""
          }
        }
      },
      "name": "Hyperspace Turquoise Paint",
      "price": {
        "_type": "Money",
        "amount": "15.00",
        "currency": "CHF"
      },
      "product_type": 7,
      "publication_date": null,
      "seo_description": "Turquoise is the new black. No more gloomy night skies, brighten up your evenings with hyperspace paint.",
      "seo_title": "",
      "updated_at": "2019-03-06T12:47:36.514Z",
      "weight": 1.0
    },
    "model": "product.product",
    "pk": 65
  },
  {
    "fields": {
      "attributes": "{\"16\": \"49\"}",
      "category": 8,
      "charge_taxes": true,
      "description": "Fell from a tree straight into the bottle. No additives, no preservatives, just the refreshing taste of pure sun-kissed Californian oranges.",
      "description_json": {
        "blocks": [
          {
            "data": {},
            "depth": 0,
            "entityRanges": [],
            "inlineStyleRanges": [],
            "key": "",
            "text": "Fell from a tree straight into the bottle. No additives, no preservatives, just the refreshing taste of pure sun-kissed Californian oranges.",
            "type": "unstyled"
          }
        ],
        "entityMap": {}
      },
      "is_published": true,
      "meta": {
        "taxes": {
          "vatlayer": {
            "code": "standard",
            "description": ""
          }
        }
      },
      "name": "Orange Juice",
      "price": {
        "_type": "Money",
        "amount": "3.00",
        "currency": "CHF"
      },
      "product_type": 9,
      "publication_date": null,
      "seo_description": "Fell from a tree straight into the bottle. No additives, no preservatives, just the refreshing taste of pure sun-kissed Californian oranges.",
      "seo_title": "",
      "updated_at": "2019-03-06T12:47:36.727Z",
      "weight": 1.0
    },
    "model": "product.product",
    "pk": 71
  },
  {
    "fields": {
      "attributes": "{\"16\": \"3\"}",
      "category": 8,
      "charge_taxes": true,
      "description": "Fell straight from the tree, on to Newton\u2019s head, then into the bottle. The autumn taste of English apples. Brought to you by gravity.",
      "description_json": {
        "blocks": [
          {
            "data": {},
            "depth": 0,
            "entityRanges": [],
            "inlineStyleRanges": [],
            "key": "",
            "text": "Fell straight from the tree, on to Newton\u2019s head, then into the bottle. The autumn taste of English apples. Brought to you by gravity.",
            "type": "unstyled"
          }
        ],
        "entityMap": {}
      },
      "is_published": true,
      "meta": {
        "taxes": {
          "vatlayer": {
            "code": "standard",
            "description": ""
          }
        }
      },
      "name": "Apple Juice",
      "price": {
        "_type": "Money",
        "amount": "3.00",
        "currency": "CHF"
      },
      "product_type": 9,
      "publication_date": null,
      "seo_description": "Fell straight from the tree, on to Newton\u2019s head, then into the bottle. The autumn taste of English apples. Brought to you by gravity.",
      "seo_title": "",
      "updated_at": "2019-03-06T12:47:36.885Z",
      "weight": 1.0
    },
    "model": "product.product",
    "pk": 72
  },
  {
    "fields": {
      "attributes": "{\"16\": \"52\"}",
      "category": 8,
      "charge_taxes": true,
      "description": "Improve your eyesight the natural way with 100% pure, squeezed carrot juice. The sweet, orange nectar of Mother Earth.",
      "description_json": {
        "blocks": [
          {
            "data": {},
            "depth": 0,
            "entityRanges": [],
            "inlineStyleRanges": [],
            "key": "",
            "text": "Improve your eyesight the natural way with 100% pure, squeezed carrot juice. The sweet, orange nectar of Mother Earth.",
            "type": "unstyled"
          }
        ],
        "entityMap": {}
      },
      "is_published": true,
      "meta": {
        "taxes": {
          "vatlayer": {
            "code": "standard",
            "description": ""
          }
        }
      },
      "name": "Carrot Juice",
      "price": {
        "_type": "Money",
        "amount": "3.00",
        "currency": "CHF"
      },
      "product_type": 9,
      "publication_date": null,
      "seo_description": "Improve your eyesight the natural way with 100% pure, squeezed carrot juice. The sweet, orange nectar of Mother Earth.",
      "seo_title": "",
      "updated_at": "2019-03-06T12:47:37.040Z",
      "weight": 1.0
    },
    "model": "product.product",
    "pk": 73
  },
  {
    "fields": {
      "attributes": "{\"16\": \"50\"}",
      "category": 8,
      "charge_taxes": true,
      "description": "Build your protein the natural way, with exotic banana juice made from ripe fruit and packed with all the goodness of the tropical sun.",
      "description_json": {
        "blocks": [
          {
            "data": {},
            "depth": 0,
            "entityRanges": [],
            "inlineStyleRanges": [],
            "key": "",
            "text": "Build your protein the natural way, with exotic banana juice made from ripe fruit and packed with all the goodness of the tropical sun.",
            "type": "unstyled"
          }
        ],
        "entityMap": {}
      },
      "is_published": true,
      "meta": {
        "taxes": {
          "vatlayer": {
            "code": "standard",
            "description": ""
          }
        }
      },
      "name": "Banana Juice",
      "price": {
        "_type": "Money",
        "amount": "3.00",
        "currency": "CHF"
      },
      "product_type": 9,
      "publication_date": null,
      "seo_description": "Build your protein the natural way, with exotic banana juice made from ripe fruit and packed with all the goodness of the tropical sun.",
      "seo_title": "",
      "updated_at": "2019-03-06T12:47:37.201Z",
      "weight": 1.0
    },
    "model": "product.product",
    "pk": 74
  },
  {
    "fields": {
      "attributes": "{\"16\": \"1\"}",
      "category": 8,
      "charge_taxes": true,
      "description": "I can\u2019t stand pineapples, so this one is not for me. They have a weird, fluffy, tangy taste. But if it is your kind of thing, then knock yourself out.",
      "description_json": {
        "blocks": [
          {
            "data": {},
            "depth": 0,
            "entityRanges": [],
            "inlineStyleRanges": [],
            "key": "",
            "text": "I can\u2019t stand pineapples, so this one is not for me. They have a weird, fluffy, tangy taste. But if it is your kind of thing, then knock yourself out.",
            "type": "unstyled"
          }
        ],
        "entityMap": {}
      },
      "is_published": true,
      "meta": {
        "taxes": {
          "vatlayer": {
            "code": "standard",
            "description": ""
          }
        }
      },
      "name": "Pineapple Juice",
      "price": {
        "_type": "Money",
        "amount": "3.00",
        "currency": "CHF"
      },
      "product_type": 9,
      "publication_date": null,
      "seo_description": "I can\u2019t stand pineapples, so this one is not for me. They have a weird, fluffy, tangy taste. But if it is your kind of thing, then knock yourself out.",
      "seo_title": "",
      "updated_at": "2019-03-06T12:47:37.363Z",
      "weight": 1.0
    },
    "model": "product.product",
    "pk": 75
  },
  {
    "fields": {
      "attributes": "{\"16\": \"2\"}",
      "category": 8,
      "charge_taxes": true,
      "description": "Did you know falling coconuts kill 150 people a year? But did you know that coconut juice is the new superfood? You win some, you lose some.",
      "description_json": {
        "blocks": [
          {
            "data": {},
            "depth": 0,
            "entityRanges": [],
            "inlineStyleRanges": [],
            "key": "",
            "text": "Did you know falling coconuts kill 150 people a year? But did you know that coconut juice is the new superfood? You win some, you lose some.",
            "type": "unstyled"
          }
        ],
        "entityMap": {}
      },
      "is_published": true,
      "meta": {
        "taxes": {
          "vatlayer": {
            "code": "standard",
            "description": ""
          }
        }
      },
      "name": "Coconut Juice",
      "price": {
        "_type": "Money",
        "amount": "3.00",
        "currency": "CHF"
      },
      "product_type": 9,
      "publication_date": null,
      "seo_description": "Did you know falling coconuts kill 150 people a year? But did you know that coconut juice is the new superfood? You win some, you lose some.",
      "seo_title": "",
      "updated_at": "2019-03-06T12:47:37.517Z",
      "weight": 1.0
    },
    "model": "product.product",
    "pk": 76
  },
  {
    "fields": {
      "attributes": "{\"16\": \"54\"}",
      "category": 8,
      "charge_taxes": true,
      "description": "Is it a bird? Is a plane? No! It\u2019s some jacked dude who just sucked down a bottle of our brand new power juice! Look at him go!",
      "description_json": {
        "blocks": [
          {
            "data": {},
            "depth": 0,
            "entityRanges": [],
            "inlineStyleRanges": [],
            "key": "",
            "text": "Is it a bird? Is a plane? No! It\u2019s some jacked dude who just sucked down a bottle of our brand new power juice! Look at him go!",
            "type": "unstyled"
          }
        ],
        "entityMap": {}
      },
      "is_published": true,
      "meta": {
        "taxes": {
          "vatlayer": {
            "code": "standard",
            "description": ""
          }
        }
      },
      "name": "Power Juice",
      "price": {
        "_type": "Money",
        "amount": "3.00",
        "currency": "CHF"
      },
      "product_type": 9,
      "publication_date": null,
      "seo_description": "Is it a bird? Is it a plane? No! It\u2019s some jacked dude who just sucked down a bottle of our brand new power juice! Look at him go!",
      "seo_title": "",
      "updated_at": "2019-03-06T12:47:37.679Z",
      "weight": 1.0
    },
    "model": "product.product",
    "pk": 77
  },
  {
    "fields": {
      "attributes": "{\"16\": \"53\"}",
      "category": 8,
      "charge_taxes": true,
      "description": "Brussel sprouts, spinach, peas, kale, lettuce, cabbage, zucchini, more brussel sprouts. All the greens you\u2019ll ever need in one delicious juice.",
      "description_json": {
        "blocks": [
          {
            "data": {},
            "depth": 0,
            "entityRanges": [],
            "inlineStyleRanges": [],
            "key": "",
            "text": "Brussel sprouts, spinach, peas, kale, lettuce, cabbage, zucchini, more brussel sprouts. All the greens you\u2019ll ever need in one delicious juice.",
            "type": "unstyled"
          }
        ],
        "entityMap": {}
      },
      "is_published": true,
      "meta": {
        "taxes": {
          "vatlayer": {
            "code": "standard",
            "description": ""
          }
        }
      },
      "name": "Green Juice",
      "price": {
        "_type": "Money",
        "amount": "3.00",
        "currency": "CHF"
      },
      "product_type": 9,
      "publication_date": null,
      "seo_description": "Brussel sprouts, spinach, peas, kale, lettuce, cabbage, zucchini, more brussel sprouts. All the greens you\u2019ll ever need in one delicious juice.",
      "seo_title": "",
      "updated_at": "2019-03-06T12:47:37.844Z",
      "weight": 1.0
    },
    "model": "product.product",
    "pk": 78
  },
  {
    "fields": {
      "attributes": "{\"16\": \"51\"}",
      "category": 8,
      "charge_taxes": true,
      "description": "Bean there, drunk that! The energy drink for the health-conscious. Brand new bean juice; from allotment to bottle in under 8 hours.",
      "description_json": {
        "blocks": [
          {
            "data": {},
            "depth": 0,
            "entityRanges": [],
            "inlineStyleRanges": [],
            "key": "",
            "text": "Bean there, drunk that! The energy drink for the health-conscious. Brand new bean juice; from allotment to bottle in under 8 hours.",
            "type": "unstyled"
          }
        ],
        "entityMap": {}
      },
      "is_published": true,
      "meta": {
        "taxes": {
          "vatlayer": {
            "code": "standard",
            "description": ""
          }
        }
      },
      "name": "Bean Juice",
      "price": {
        "_type": "Money",
        "amount": "3.00",
        "currency": "CHF"
      },
      "product_type": 9,
      "publication_date": null,
      "seo_description": "Bean there, drunk that! The energy drink for the health-conscious. Brand new bean juice; from allotment to bottle in under 8 hours.",
      "seo_title": "",
      "updated_at": "2019-03-06T12:47:38.007Z",
      "weight": 1.0
    },
    "model": "product.product",
    "pk": 79
  },
  {
    "fields": {
      "attributes": "{\"20\": \"67\"}",
      "category": 8,
      "charge_taxes": true,
      "description": "A fine, mature red with a hint of blackberry, an undertone of the alkaline Burgundy soil, a delicate aftertaste of burnt garlic, and a whole lot of grapes.",
      "description_json": {
        "blocks": [
          {
            "data": {},
            "depth": 0,
            "entityRanges": [],
            "inlineStyleRanges": [],
            "key": "",
            "text": "A fine, mature red with a hint of blackberry, an undertone of the alkaline Burgundy soil, a delicate aftertaste of burnt garlic, and a whole lot of grapes.",
            "type": "unstyled"
          }
        ],
        "entityMap": {}
      },
      "is_published": true,
      "meta": {
        "taxes": {
          "vatlayer": {
            "code": "",
            "description": ""
          }
        }
      },
      "name": "Red Wine",
      "price": {
        "_type": "Money",
        "amount": "15.00",
        "currency": "CHF"
      },
      "product_type": 10,
      "publication_date": null,
      "seo_description": "A fine, mature red with a hint of blackberry, an undertone of the alkaline Burgundy soil, a delicate aftertaste of burnt garlic, and a whole lot of grapes.",
      "seo_title": "",
      "updated_at": "2019-03-06T12:47:38.171Z",
      "weight": 0.0
    },
    "model": "product.product",
    "pk": 81
  },
  {
    "fields": {
      "attributes": "{\"20\": \"67\"}",
      "category": 8,
      "charge_taxes": true,
      "description": "Watch the slow setting sun of a wild summer evening sink into the horizon as you sip white wine that tastes like bittersweet memories of halcyon days.",
      "description_json": {
        "blocks": [
          {
            "data": {},
            "depth": 0,
            "entityRanges": [],
            "inlineStyleRanges": [],
            "key": "",
            "text": "Watch the slow setting sun of a wild summer evening sink into the horizon as you sip white wine that tastes like bittersweet memories of halcyon days.",
            "type": "unstyled"
          }
        ],
        "entityMap": {}
      },
      "is_published": true,
      "meta": {
        "taxes": {
          "vatlayer": {
            "code": "",
            "description": ""
          }
        }
      },
      "name": "White Wine",
      "price": {
        "_type": "Money",
        "amount": "15.00",
        "currency": "CHF"
      },
      "product_type": 10,
      "publication_date": null,
      "seo_description": "Watch the slow setting sun of a wild summer evening sink into the horizon as you sip white wine that tastes like bittersweet memories of halcyon days.",
      "seo_title": "",
      "updated_at": "2019-03-06T12:47:38.362Z",
      "weight": 0.0
    },
    "model": "product.product",
    "pk": 82
  },
  {
    "fields": {
      "attributes": "{\"15\": \"46\", \"21\": \"68\"}",
      "category": 8,
      "charge_taxes": true,
      "description": "Find your sea legs and then lose the power to use them with extra strong seaman\u2019s lager. Don\u2019t drink and sail, me hearties!",
      "description_json": {
        "blocks": [
          {
            "data": {},
            "depth": 0,
            "entityRanges": [],
            "inlineStyleRanges": [],
            "key": "",
            "text": "Find your sea legs and then lose the power to use them with extra strong seaman\u2019s lager. Don\u2019t drink and sail, me hearties!",
            "type": "unstyled"
          }
        ],
        "entityMap": {}
      },
      "is_published": true,
      "meta": {
        "taxes": {
          "vatlayer": {
            "code": "standard",
            "description": ""
          }
        }
      },
      "name": "Seaman Lager",
      "price": {
        "_type": "Money",
        "amount": "3.00",
        "currency": "CHF"
      },
      "product_type": 11,
      "publication_date": null,
      "seo_description": "Find your sea legs and then lose the power to use them with extra strong seaman\u2019s lager. Don\u2019t drink and sail, me hearties!",
      "seo_title": "",
      "updated_at": "2019-03-06T12:47:38.530Z",
      "weight": 1.0
    },
    "model": "product.product",
    "pk": 83
  },
  {
    "fields": {
      "attributes": "{\"15\": \"46\", \"21\": \"69\"}",
      "category": 8,
      "charge_taxes": true,
      "description": "Best beer on the seven seas. A dark ale for when the dark clouds gather overhead. The nutty nautical taste that sailors love.",
      "description_json": {
        "blocks": [
          {
            "data": {},
            "depth": 0,
            "entityRanges": [],
            "inlineStyleRanges": [],
            "key": "",
            "text": "Best beer on the seven seas. A dark ale for when the dark clouds gather overhead. The nutty nautical taste that sailors love.",
            "type": "unstyled"
          }
        ],
        "entityMap": {}
      },
      "is_published": true,
      "meta": {
        "taxes": {
          "vatlayer": {
            "code": "standard",
            "description": ""
          }
        }
      },
      "name": "Seaman Beer",
      "price": {
        "_type": "Money",
        "amount": "3.20",
        "currency": "CHF"
      },
      "product_type": 11,
      "publication_date": null,
      "seo_description": "Best beer on the seven seas. A dark ale for when the dark clouds gather overhead. The nutty nautical taste that sailors love.",
      "seo_title": "",
      "updated_at": "2019-03-06T12:47:38.875Z",
      "weight": 1.0
    },
    "model": "product.product",
    "pk": 84
  },
  {
    "fields": {
      "attributes": "{\"23\": \"72\"}",
      "category": 7,
      "charge_taxes": true,
      "description": "Add a little color to your life with a Saleor parrot cushion. Turns any old sofa into a rainbow of classy interior design.",
      "description_json": {
        "blocks": [
          {
            "data": {},
            "depth": 0,
            "entityRanges": [],
            "inlineStyleRanges": [],
            "key": "",
            "text": "Add a little color to your life with a Saleor parrot cushion. Turns any old sofa into a rainbow of classy interior design.",
            "type": "unstyled"
          }
        ],
        "entityMap": {}
      },
      "is_published": true,
      "meta": {
        "taxes": {
          "vatlayer": {
            "code": "standard",
            "description": ""
          }
        }
      },
      "name": "Colored Parrot Cushion",
      "price": {
        "_type": "Money",
        "amount": "20.00",
        "currency": "CHF"
      },
      "product_type": 12,
      "publication_date": null,
      "seo_description": "Add a little color to your life with a Saleor parrot cushion. Turns any old sofa into a rainbow of classy interior design.",
      "seo_title": "",
      "updated_at": "2019-03-06T12:47:39.256Z",
      "weight": 0.0
    },
    "model": "product.product",
    "pk": 85
  },
  {
    "fields": {
      "attributes": "{\"23\": \"72\"}",
      "category": 7,
      "charge_taxes": true,
      "description": "Minimalist interiors need simple, sleek soft furnishings. Don\u2019t parrot what others do, set your own monochrome trends with Saleor designs.",
      "description_json": {
        "blocks": [
          {
            "data": {},
            "depth": 0,
            "entityRanges": [],
            "inlineStyleRanges": [],
            "key": "",
            "text": "Minimalist interiors need simple, sleek soft furnishings. Don\u2019t parrot what others do, set your own monochrome trends with Saleor designs.",
            "type": "unstyled"
          }
        ],
        "entityMap": {}
      },
      "is_published": true,
      "meta": {
        "taxes": {
          "vatlayer": {
            "code": "standard",
            "description": ""
          }
        }
      },
      "name": "White Parrot Cushion",
      "price": {
        "_type": "Money",
        "amount": "20.00",
        "currency": "CHF"
      },
      "product_type": 12,
      "publication_date": null,
      "seo_description": "Minimalist interiors need simple, sleek soft furnishings. Don\u2019t parrot what others do, set your own monochrome trends with Saleor designs.",
      "seo_title": "",
      "updated_at": "2019-03-06T12:47:39.501Z",
      "weight": 0.0
    },
    "model": "product.product",
    "pk": 86
  },
  {
    "fields": {
      "attributes": "{}",
      "category": 9,
      "charge_taxes": true,
      "description": "Mellow yellow. Step into summer with Saleor. Every time your head goes down, you see these beauties, and your mood bounces right back up.",
      "description_json": {
        "blocks": [
          {
            "data": {},
            "depth": 0,
            "entityRanges": [],
            "inlineStyleRanges": [],
            "key": "",
            "text": "Mellow yellow. Step into summer with Saleor. Every time your head goes down, you see these beauties, and your mood bounces right back up.",
            "type": "unstyled"
          }
        ],
        "entityMap": {}
      },
      "is_published": true,
      "meta": {
        "taxes": {
          "vatlayer": {
            "code": "standard",
            "description": ""
          }
        }
      },
      "name": "Yellow Plimsolls",
      "price": {
        "_type": "Money",
        "amount": "59.00",
        "currency": "CHF"
      },
      "product_type": 13,
      "publication_date": null,
      "seo_description": "Mellow yellow. Step into summer with Saleor. Every time your head goes down, you see these beauties, and your mood bounces right back up.",
      "seo_title": "",
      "updated_at": "2019-03-06T12:47:39.769Z",
      "weight": 0.0
    },
    "model": "product.product",
    "pk": 87
  },
  {
    "fields": {
      "attributes": "{}",
      "category": 9,
      "charge_taxes": true,
      "description": "PE at school wouldn\u2019t have been such a drag with these on your feet. Slip on the style and stride tall with Saleor branded plimsolls. PE now stands for pretty elegant.",
      "description_json": {
        "blocks": [
          {
            "data": {},
            "depth": 0,
            "entityRanges": [],
            "inlineStyleRanges": [],
            "key": "",
            "text": "PE at school wouldn\u2019t have been such a drag with these on your feet. Slip on the style and stride tall with Saleor branded plimsolls. PE now stands for pretty elegant.",
            "type": "unstyled"
          }
        ],
        "entityMap": {}
      },
      "is_published": true,
      "meta": {
        "taxes": {
          "vatlayer": {
            "code": "standard",
            "description": ""
          }
        }
      },
      "name": "White Plimsolls",
      "price": {
        "_type": "Money",
        "amount": "49.00",
        "currency": "CHF"
      },
      "product_type": 13,
      "publication_date": null,
      "seo_description": "PE at school wouldn\u2019t have been such a drag with these on your feet. Slip on the style and stride tall with Saleor branded plimsolls. PE now stands for pretty elegant.",
      "seo_title": "",
      "updated_at": "2019-03-06T12:47:40.537Z",
      "weight": 1.0
    },
    "model": "product.product",
    "pk": 88
  },
  {
    "fields": {
      "attributes": "{\"25\": \"82\"}",
      "category": 9,
      "charge_taxes": true,
      "description": "Pay homage to the music and art of a Joy Division and Peter Saville, but with a Mirumee twist. Perfect live transmission apparel for dead souls.",
      "description_json": {
        "blocks": [
          {
            "data": {},
            "depth": 0,
            "entityRanges": [],
            "inlineStyleRanges": [],
            "key": "",
            "text": "Pay homage to the music and art of a Joy Division and Peter Saville, but with a Mirumee twist. Perfect live transmission apparel for dead souls.",
            "type": "unstyled"
          }
        ],
        "entityMap": {}
      },
      "is_published": true,
      "meta": {
        "taxes": {
          "vatlayer": {
            "code": "standard",
            "description": ""
          }
        }
      },
      "name": "Code Division T-shirt",
      "price": {
        "_type": "Money",
        "amount": "30.00",
        "currency": "CHF"
      },
      "product_type": 14,
      "publication_date": null,
      "seo_description": "Pay homage to the music and art of Joy Division and Peter Saville, but with a Mirumee twist. Perfect live transmission apparel for dead souls.",
      "seo_title": "",
      "updated_at": "2019-03-06T12:47:41.280Z",
      "weight": 0.0
    },
    "model": "product.product",
    "pk": 89
  },
  {
    "fields": {
      "attributes": "{\"25\": \"82\"}",
      "category": 9,
      "charge_taxes": true,
      "description": "Ever have those days where you feel a bit geometric? Can't quite shape yourself up right? Show your different sides with a Saleor styles.",
      "description_json": {
        "blocks": [
          {
            "data": {},
            "depth": 0,
            "entityRanges": [],
            "inlineStyleRanges": [],
            "key": "",
            "text": "Ever have those days where you feel a bit geometric? Can't quite shape yourself up right? Show your different sides with a Saleor styles.",
            "type": "unstyled"
          }
        ],
        "entityMap": {}
      },
      "is_published": true,
      "meta": {
        "taxes": {
          "vatlayer": {
            "code": "standard",
            "description": ""
          }
        }
      },
      "name": "Polo Shirt",
      "price": {
        "_type": "Money",
        "amount": "30.00",
        "currency": "CHF"
      },
      "product_type": 14,
      "publication_date": null,
      "seo_description": "Ever have those days where you feel a bit geometric? Can't quite shape yourself up right? Show your different sides with a Saleor styles.",
      "seo_title": "",
      "updated_at": "2019-03-06T12:47:41.681Z",
      "weight": 0.0
    },
    "model": "product.product",
    "pk": 107
  },
  {
    "fields": {
      "attributes": "{\"25\": \"82\"}",
      "category": 9,
      "charge_taxes": true,
      "description": "Polo? Yolo\u2026 so don\u2019t waste time on the wrong apparel. Choose a polo shirt that looks as good as you feel.",
      "description_json": {
        "blocks": [
          {
            "data": {},
            "depth": 0,
            "entityRanges": [],
            "inlineStyleRanges": [],
            "key": "",
            "text": "Polo? Yolo\u2026 so don\u2019t waste time on the wrong apparel. Choose a polo shirt that looks as good as you feel.",
            "type": "unstyled"
          }
        ],
        "entityMap": {}
      },
      "is_published": true,
      "meta": {
        "taxes": {
          "vatlayer": {
            "code": "standard",
            "description": ""
          }
        }
      },
      "name": "Polo Shirt",
      "price": {
        "_type": "Money",
        "amount": "30.00",
        "currency": "CHF"
      },
      "product_type": 14,
      "publication_date": null,
      "seo_description": "Polo? Yolo\u2026 so don\u2019t waste time on the wrong apparel. Choose a polo shirt that looks as good as you feel.",
      "seo_title": "",
      "updated_at": "2019-03-06T12:47:41.972Z",
      "weight": 0.0
    },
    "model": "product.product",
    "pk": 108
  },
  {
    "fields": {
      "attributes": "{\"25\": \"82\"}",
      "category": 9,
      "charge_taxes": true,
      "description": "Wondering if this will look as good on you as it does on the screen? The answer is yes. A quality polo with smart styling.",
      "description_json": {
        "blocks": [
          {
            "data": {},
            "depth": 0,
            "entityRanges": [],
            "inlineStyleRanges": [],
            "key": "",
            "text": "Wondering if this will look as good on you as it does on the screen? The answer is yes. A quality polo with smart styling.",
            "type": "unstyled"
          }
        ],
        "entityMap": {}
      },
      "is_published": true,
      "meta": {
        "taxes": {
          "vatlayer": {
            "code": "standard",
            "description": ""
          }
        }
      },
      "name": "Polo Shirt",
      "price": {
        "_type": "Money",
        "amount": "30.00",
        "currency": "CHF"
      },
      "product_type": 14,
      "publication_date": null,
      "seo_description": "Wondering if this will look as good on you as it does on the screen? The answer is yes. A quality polo with smart styling.",
      "seo_title": "",
      "updated_at": "2019-03-06T12:47:42.283Z",
      "weight": 0.0
    },
    "model": "product.product",
    "pk": 109
  },
  {
    "fields": {
      "attributes": "{\"25\": \"82\"}",
      "category": 9,
      "charge_taxes": true,
      "description": "They say polo is the sport of kings. Or was that stamp collecting? Either way, this shirt is fit for a king of Saturday night.",
      "description_json": {
        "blocks": [
          {
            "data": {},
            "depth": 0,
            "entityRanges": [],
            "inlineStyleRanges": [],
            "key": "",
            "text": "They say polo is the sport of kings. Or was that stamp collecting? Either way, this shirt is fit for a king of Saturday night.",
            "type": "unstyled"
          }
        ],
        "entityMap": {}
      },
      "is_published": true,
      "meta": {
        "taxes": {
          "vatlayer": {
            "code": "standard",
            "description": ""
          }
        }
      },
      "name": "Polo Shirt",
      "price": {
        "_type": "Money",
        "amount": "30.00",
        "currency": "CHF"
      },
      "product_type": 14,
      "publication_date": null,
      "seo_description": "They say polo is the sport of kings. Or was that stamp collecting? Either way, this shirt is fit for a king of Saturday night.",
      "seo_title": "",
      "updated_at": "2019-03-06T12:47:42.524Z",
      "weight": 0.0
    },
    "model": "product.product",
    "pk": 110
  },
  {
    "fields": {
      "attributes": "{\"25\": \"82\"}",
      "category": 9,
      "charge_taxes": true,
      "description": "One style fits all. Get a look that works even when you are taking it easy. Relaxed wear for the masses.",
      "description_json": {
        "blocks": [
          {
            "data": {},
            "depth": 0,
            "entityRanges": [],
            "inlineStyleRanges": [],
            "key": "",
            "text": "One style fits all. Get a look that works even when you are taking it easy. Relaxed wear for the masses.",
            "type": "unstyled"
          }
        ],
        "entityMap": {}
      },
      "is_published": true,
      "meta": {
        "taxes": {
          "vatlayer": {
            "code": "standard",
            "description": ""
          }
        }
      },
      "name": "T-shirt",
      "price": {
        "_type": "Money",
        "amount": "30.00",
        "currency": "CHF"
      },
      "product_type": 14,
      "publication_date": null,
      "seo_description": "One style fits all. Get a look that works even when you are taking it easy. Relaxed wear for the masses.",
      "seo_title": "",
      "updated_at": "2019-03-06T12:47:42.771Z",
      "weight": 0.0
    },
    "model": "product.product",
    "pk": 111
  },
  {
    "fields": {
      "attributes": "{\"25\": \"82\"}",
      "category": 9,
      "charge_taxes": true,
      "description": "A classic tee for a timeless look, at a great price. Feel like a million bucks without breaking the bank.",
      "description_json": {
        "blocks": [
          {
            "data": {},
            "depth": 0,
            "entityRanges": [],
            "inlineStyleRanges": [],
            "key": "",
            "text": "A classic tee for a timeless look, at a great price. Feel like a million bucks without breaking the bank.",
            "type": "unstyled"
          }
        ],
        "entityMap": {}
      },
      "is_published": true,
      "meta": {
        "taxes": {
          "vatlayer": {
            "code": "standard",
            "description": ""
          }
        }
      },
      "name": "T-shirt",
      "price": {
        "_type": "Money",
        "amount": "30.00",
        "currency": "CHF"
      },
      "product_type": 14,
      "publication_date": null,
      "seo_description": "A classic tee for a timeless look, at a great price. Feel like a million bucks without breaking the bank.",
      "seo_title": "",
      "updated_at": "2019-03-06T12:47:43.640Z",
      "weight": 0.0
    },
    "model": "product.product",
    "pk": 112
  },
  {
    "fields": {
      "attributes": "{\"25\": \"82\"}",
      "category": 9,
      "charge_taxes": true,
      "description": "Want to look like you just fell out of bed? Sometimes style can be effortless. Throw it on get on with having a good day.",
      "description_json": {
        "blocks": [
          {
            "data": {},
            "depth": 0,
            "entityRanges": [],
            "inlineStyleRanges": [],
            "key": "",
            "text": "Want to look like you just fell out of bed? Sometimes style can be effortless. Throw it on get on with having a good day.",
            "type": "unstyled"
          }
        ],
        "entityMap": {}
      },
      "is_published": true,
      "meta": {
        "taxes": {
          "vatlayer": {
            "code": "standard",
            "description": ""
          }
        }
      },
      "name": "T-shirt",
      "price": {
        "_type": "Money",
        "amount": "30.00",
        "currency": "CHF"
      },
      "product_type": 14,
      "publication_date": null,
      "seo_description": "Want to look like you just fell out of bed? Sometimes style can be effortless. Throw it on get on with having a good day.",
      "seo_title": "",
      "updated_at": "2019-03-06T12:47:44.067Z",
      "weight": 0.0
    },
    "model": "product.product",
    "pk": 113
  },
  {
    "fields": {
      "attributes": "{\"25\": \"82\"}",
      "category": 9,
      "charge_taxes": true,
      "description": "Your t-shirt is your second skin. It\u2019s the version of you that you show to the world. Wear one that flows with your movements and is built to last.",
      "description_json": {
        "blocks": [
          {
            "data": {},
            "depth": 0,
            "entityRanges": [],
            "inlineStyleRanges": [],
            "key": "",
            "text": "Your t-shirt is your second skin. It\u2019s the version of you that you show to the world. Wear one that flows with your movements and is built to last.",
            "type": "unstyled"
          }
        ],
        "entityMap": {}
      },
      "is_published": true,
      "meta": {
        "taxes": {
          "vatlayer": {
            "code": "standard",
            "description": ""
          }
        }
      },
      "name": "T-shirt",
      "price": {
        "_type": "Money",
        "amount": "30.00",
        "currency": "CHF"
      },
      "product_type": 14,
      "publication_date": null,
      "seo_description": "Your t-shirt is your second skin. It\u2019s the version of you that you show to the world. Wear one that flows with your movements and is built to last.",
      "seo_title": "",
      "updated_at": "2019-03-06T12:47:44.582Z",
      "weight": 0.0
    },
    "model": "product.product",
    "pk": 114
  },
  {
    "fields": {
      "attributes": "{\"25\": \"82\"}",
      "category": 9,
      "charge_taxes": true,
      "description": "Special offer. Buy a hood and get a free jet black sweater attached. Perfect for when you are up to no good.",
      "description_json": {
        "blocks": [
          {
            "data": {},
            "depth": 0,
            "entityRanges": [],
            "inlineStyleRanges": [],
            "key": "",
            "text": "Special offer. Buy a hood and get a free jet black sweater attached. Perfect for when you are up to no good.",
            "type": "unstyled"
          }
        ],
        "entityMap": {}
      },
      "is_published": true,
      "meta": {
        "taxes": {
          "vatlayer": {
            "code": "standard",
            "description": ""
          }
        }
      },
      "name": "Black Hoodie",
      "price": {
        "_type": "Money",
        "amount": "30.00",
        "currency": "CHF"
      },
      "product_type": 14,
      "publication_date": null,
      "seo_description": "Special offer. Buy a hood and get a free jet black sweater attached. Perfect for when you are up to no good.",
      "seo_title": "",
      "updated_at": "2019-03-06T12:47:45.080Z",
      "weight": 0.0
    },
    "model": "product.product",
    "pk": 115
  },
  {
    "fields": {
      "attributes": "{\"25\": \"82\"}",
      "category": 9,
      "charge_taxes": true,
      "description": "Special offer. Buy a superhero blue sweater and get a free hood attached. Ideal for when you are out saving the world.",
      "description_json": {
        "blocks": [
          {
            "data": {},
            "depth": 0,
            "entityRanges": [],
            "inlineStyleRanges": [],
            "key": "",
            "text": "Special offer. Buy a superhero blue sweater and get a free hood attached. Ideal for when you are out saving the world.",
            "type": "unstyled"
          }
        ],
        "entityMap": {}
      },
      "is_published": true,
      "meta": {
        "taxes": {
          "vatlayer": {
            "code": "standard",
            "description": ""
          }
        }
      },
      "name": "Blue Hoodie",
      "price": {
        "_type": "Money",
        "amount": "30.00",
        "currency": "CHF"
      },
      "product_type": 14,
      "publication_date": null,
      "seo_description": "Special offer. Buy a superhero blue sweater and get a free hood attached. Ideal for when you are out saving the world.",
      "seo_title": "",
      "updated_at": "2019-03-06T12:47:45.376Z",
      "weight": 0.0
    },
    "model": "product.product",
    "pk": 116
  },
  {
    "fields": {
      "attributes": "{\"25\": \"82\"}",
      "category": 9,
      "charge_taxes": true,
      "description": "Who dunnit? It was Colonel Mustard, in the dining room, with the lead piping, wearing this hot as mustard hoodie.",
      "description_json": {
        "blocks": [
          {
            "data": {},
            "depth": 0,
            "entityRanges": [],
            "inlineStyleRanges": [],
            "key": "",
            "text": "Who dunnit? It was Colonel Mustard, in the dining room, with the lead piping, wearing this hot as mustard hoodie.",
            "type": "unstyled"
          }
        ],
        "entityMap": {}
      },
      "is_published": true,
      "meta": {
        "taxes": {
          "vatlayer": {
            "code": "standard",
            "description": ""
          }
        }
      },
      "name": "Mustard Hoodie",
      "price": {
        "_type": "Money",
        "amount": "30.00",
        "currency": "CHF"
      },
      "product_type": 14,
      "publication_date": null,
      "seo_description": "Who dunnit? It was Colonel Mustard, in the dining room, with the lead piping, wearing this hot as mustard hoodie.",
      "seo_title": "",
      "updated_at": "2019-03-06T12:47:45.669Z",
      "weight": 0.0
    },
    "model": "product.product",
    "pk": 117
  },
  {
    "fields": {
      "attributes": "{\"25\": \"82\"}",
      "category": 9,
      "charge_taxes": true,
      "description": "Get your slouch on and be seen with a whiter than white hoodie straight from the streets. Relaxed stylin\u2019 and profilin\u2019 with flair.",
      "description_json": {
        "blocks": [
          {
            "data": {},
            "depth": 0,
            "entityRanges": [],
            "inlineStyleRanges": [],
            "key": "",
            "text": "Get your slouch on and be seen with a whiter than white hoodie straight from the streets. Relaxed stylin\u2019 and profilin\u2019 with flair.",
            "type": "unstyled"
          }
        ],
        "entityMap": {}
      },
      "is_published": true,
      "meta": {
        "taxes": {
          "vatlayer": {
            "code": "standard",
            "description": ""
          }
        }
      },
      "name": "White Hoodie",
      "price": {
        "_type": "Money",
        "amount": "30.00",
        "currency": "CHF"
      },
      "product_type": 14,
      "publication_date": null,
      "seo_description": "Get your slouch on and be seen with a whiter than white hoodie straight from the streets. Relaxed stylin\u2019 and profilin\u2019 with flair.",
      "seo_title": "",
      "updated_at": "2019-03-06T12:47:45.937Z",
      "weight": 0.0
    },
    "model": "product.product",
    "pk": 118
  },
  {
    "fields": {
      "attributes": "{\"18\": \"60\"}",
      "cost_price": {
        "_type": "Money",
        "amount": "5.00",
        "currency": "CHF"
      },
      "name": "1l",
      "price_override": {
        "_type": "Money",
        "amount": "15.00",
        "currency": "CHF"
      },
      "product": 61,
      "quantity": 113,
      "quantity_allocated": 14,
      "sku": "546451996",
      "track_inventory": true,
      "weight": 1.0
    },
    "model": "product.productvariant",
    "pk": 171
  },
  {
    "fields": {
      "attributes": "{\"18\": \"61\"}",
      "cost_price": {
        "_type": "Money",
        "amount": "10.00",
        "currency": "CHF"
      },
      "name": "2.5l",
      "price_override": {
        "_type": "Money",
        "amount": "35.00",
        "currency": "CHF"
      },
      "product": 61,
      "quantity": 21,
      "quantity_allocated": 2,
      "sku": "546451997",
      "track_inventory": true,
      "weight": 2.5
    },
    "model": "product.productvariant",
    "pk": 172
  },
  {
    "fields": {
      "attributes": "{\"18\": \"62\"}",
      "cost_price": {
        "_type": "Money",
        "amount": "20.00",
        "currency": "CHF"
      },
      "name": "5l",
      "price_override": {
        "_type": "Money",
        "amount": "49.00",
        "currency": "CHF"
      },
      "product": 61,
      "quantity": 11,
      "quantity_allocated": 11,
      "sku": "546451999",
      "track_inventory": true,
      "weight": 5.0
    },
    "model": "product.productvariant",
    "pk": 173
  },
  {
    "fields": {
      "attributes": "{\"18\": \"60\"}",
      "cost_price": {
        "_type": "Money",
        "amount": "5.00",
        "currency": "CHF"
      },
      "name": "1l",
      "price_override": {
        "_type": "Money",
        "amount": "15.00",
        "currency": "CHF"
      },
      "product": 62,
      "quantity": 43,
      "quantity_allocated": 19,
      "sku": "998223591",
      "track_inventory": true,
      "weight": 1.0
    },
    "model": "product.productvariant",
    "pk": 174
  },
  {
    "fields": {
      "attributes": "{\"18\": \"61\"}",
      "cost_price": {
        "_type": "Money",
        "amount": "10.00",
        "currency": "CHF"
      },
      "name": "2.5l",
      "price_override": {
        "_type": "Money",
        "amount": "25.00",
        "currency": "CHF"
      },
      "product": 62,
      "quantity": 110,
      "quantity_allocated": 0,
      "sku": "998223599",
      "track_inventory": true,
      "weight": 0.0
    },
    "model": "product.productvariant",
    "pk": 175
  },
  {
    "fields": {
      "attributes": "{\"18\": \"62\"}",
      "cost_price": {
        "_type": "Money",
        "amount": "25.00",
        "currency": "CHF"
      },
      "name": "5l",
      "price_override": {
        "_type": "Money",
        "amount": "49.00",
        "currency": "CHF"
      },
      "product": 62,
      "quantity": 125,
      "quantity_allocated": 14,
      "sku": "998223594",
      "track_inventory": true,
      "weight": 0.0
    },
    "model": "product.productvariant",
    "pk": 176
  },
  {
    "fields": {
      "attributes": "{\"18\": \"60\"}",
      "cost_price": {
        "_type": "Money",
        "amount": "5.00",
        "currency": "CHF"
      },
      "name": "1l",
      "price_override": {
        "_type": "Money",
        "amount": "15.00",
        "currency": "CHF"
      },
      "product": 63,
      "quantity": 1235,
      "quantity_allocated": 4,
      "sku": "998223582",
      "track_inventory": true,
      "weight": 1.0
    },
    "model": "product.productvariant",
    "pk": 177
  },
  {
    "fields": {
      "attributes": "{\"18\": \"61\"}",
      "cost_price": {
        "_type": "Money",
        "amount": "10.00",
        "currency": "CHF"
      },
      "name": "2.5l",
      "price_override": {
        "_type": "Money",
        "amount": "25.00",
        "currency": "CHF"
      },
      "product": 63,
      "quantity": 1222,
      "quantity_allocated": 11,
      "sku": "998223583",
      "track_inventory": true,
      "weight": 2.5
    },
    "model": "product.productvariant",
    "pk": 178
  },
  {
    "fields": {
      "attributes": "{\"18\": \"62\"}",
      "cost_price": {
        "_type": "Money",
        "amount": "20.00",
        "currency": "CHF"
      },
      "name": "5l",
      "price_override": {
        "_type": "Money",
        "amount": "49.00",
        "currency": "CHF"
      },
      "product": 63,
      "quantity": 472,
      "quantity_allocated": 27,
      "sku": "998223584",
      "track_inventory": true,
      "weight": 5.0
    },
    "model": "product.productvariant",
    "pk": 179
  },
  {
    "fields": {
      "attributes": "{\"18\": \"60\"}",
      "cost_price": {
        "_type": "Money",
        "amount": "5.00",
        "currency": "CHF"
      },
      "name": "1l",
      "price_override": {
        "_type": "Money",
        "amount": "15.00",
        "currency": "CHF"
      },
      "product": 64,
      "quantity": 991,
      "quantity_allocated": 5,
      "sku": "998323582",
      "track_inventory": true,
      "weight": 1.0
    },
    "model": "product.productvariant",
    "pk": 180
  },
  {
    "fields": {
      "attributes": "{\"18\": \"61\"}",
      "cost_price": {
        "_type": "Money",
        "amount": "10.00",
        "currency": "CHF"
      },
      "name": "2.5l",
      "price_override": {
        "_type": "Money",
        "amount": "30.00",
        "currency": "CHF"
      },
      "product": 64,
      "quantity": 760,
      "quantity_allocated": 9,
      "sku": "998323583",
      "track_inventory": true,
      "weight": 2.5
    },
    "model": "product.productvariant",
    "pk": 181
  },
  {
    "fields": {
      "attributes": "{\"18\": \"62\"}",
      "cost_price": {
        "_type": "Money",
        "amount": "15.00",
        "currency": "CHF"
      },
      "name": "5l",
      "price_override": {
        "_type": "Money",
        "amount": "49.00",
        "currency": "CHF"
      },
      "product": 64,
      "quantity": 578,
      "quantity_allocated": 7,
      "sku": "998323584",
      "track_inventory": true,
      "weight": 5.0
    },
    "model": "product.productvariant",
    "pk": 182
  },
  {
    "fields": {
      "attributes": "{\"18\": \"60\"}",
      "cost_price": {
        "_type": "Money",
        "amount": "5.00",
        "currency": "CHF"
      },
      "name": "1l",
      "price_override": {
        "_type": "Money",
        "amount": "15.00",
        "currency": "CHF"
      },
      "product": 65,
      "quantity": 427,
      "quantity_allocated": 16,
      "sku": "998423582",
      "track_inventory": true,
      "weight": 1.0
    },
    "model": "product.productvariant",
    "pk": 183
  },
  {
    "fields": {
      "attributes": "{\"18\": \"61\"}",
      "cost_price": {
        "_type": "Money",
        "amount": "10.00",
        "currency": "CHF"
      },
      "name": "2.5l",
      "price_override": {
        "_type": "Money",
        "amount": "30.00",
        "currency": "CHF"
      },
      "product": 65,
      "quantity": 513,
      "quantity_allocated": 2,
      "sku": "998423583",
      "track_inventory": true,
      "weight": 2.5
    },
    "model": "product.productvariant",
    "pk": 184
  },
  {
    "fields": {
      "attributes": "{\"18\": \"62\"}",
      "cost_price": {
        "_type": "Money",
        "amount": "15.00",
        "currency": "CHF"
      },
      "name": "5l",
      "price_override": {
        "_type": "Money",
        "amount": "49.00",
        "currency": "CHF"
      },
      "product": 65,
      "quantity": 155,
      "quantity_allocated": 14,
      "sku": "998423585",
      "track_inventory": true,
      "weight": 5.0
    },
    "model": "product.productvariant",
    "pk": 185
  },
  {
    "fields": {
      "attributes": "{\"15\": \"46\"}",
      "cost_price": {
        "_type": "Money",
        "amount": "1.00",
        "currency": "CHF"
      },
      "name": "500ml",
      "price_override": null,
      "product": 71,
      "quantity": 1221,
      "quantity_allocated": 10,
      "sku": "988323582",
      "track_inventory": true,
      "weight": 1.0
    },
    "model": "product.productvariant",
    "pk": 190
  },
  {
    "fields": {
      "attributes": "{\"15\": \"47\"}",
      "cost_price": {
        "_type": "Money",
        "amount": "1.50",
        "currency": "CHF"
      },
      "name": "1l",
      "price_override": {
        "_type": "Money",
        "amount": "5.00",
        "currency": "CHF"
      },
      "product": 71,
      "quantity": 177,
      "quantity_allocated": 2,
      "sku": "938323582",
      "track_inventory": true,
      "weight": 1.0
    },
    "model": "product.productvariant",
    "pk": 191
  },
  {
    "fields": {
      "attributes": "{\"15\": \"48\"}",
      "cost_price": {
        "_type": "Money",
        "amount": "2.00",
        "currency": "CHF"
      },
      "name": "2l",
      "price_override": {
        "_type": "Money",
        "amount": "7.00",
        "currency": "CHF"
      },
      "product": 71,
      "quantity": 221,
      "quantity_allocated": 10,
      "sku": "988323522",
      "track_inventory": true,
      "weight": 2.0
    },
    "model": "product.productvariant",
    "pk": 192
  },
  {
    "fields": {
      "attributes": "{}",
      "cost_price": null,
      "name": "",
      "price_override": null,
      "product": 81,
      "quantity": 21244,
      "quantity_allocated": 13,
      "sku": "12312312321",
      "track_inventory": true,
      "weight": 0.0
    },
    "model": "product.productvariant",
    "pk": 193
  },
  {
    "fields": {
      "attributes": "{}",
      "cost_price": null,
      "name": "",
      "price_override": null,
      "product": 82,
      "quantity": 12157,
      "quantity_allocated": 26,
      "sku": "1231998121",
      "track_inventory": true,
      "weight": 0.0
    },
    "model": "product.productvariant",
    "pk": 194
  },
  {
    "fields": {
      "attributes": "{}",
      "cost_price": null,
      "name": "",
      "price_override": null,
      "product": 83,
      "quantity": 12136,
      "quantity_allocated": 15,
      "sku": "98616712",
      "track_inventory": true,
      "weight": 0.0
    },
    "model": "product.productvariant",
    "pk": 195
  },
  {
    "fields": {
      "attributes": "{}",
      "cost_price": null,
      "name": "",
      "price_override": null,
      "product": 84,
      "quantity": 975527,
      "quantity_allocated": 10,
      "sku": "98616713",
      "track_inventory": true,
      "weight": 0.0
    },
    "model": "product.productvariant",
    "pk": 196
  },
  {
    "fields": {
      "attributes": "{\"22\": \"70\"}",
      "cost_price": {
        "_type": "Money",
        "amount": "11.00",
        "currency": "CHF"
      },
      "name": "45cm x 45cm",
      "price_override": {
        "_type": "Money",
        "amount": "20.00",
        "currency": "CHF"
      },
      "product": 85,
      "quantity": 9869,
      "quantity_allocated": 8,
      "sku": "698223582",
      "track_inventory": true,
      "weight": 0.0
    },
    "model": "product.productvariant",
    "pk": 197
  },
  {
    "fields": {
      "attributes": "{\"22\": \"71\"}",
      "cost_price": {
        "_type": "Money",
        "amount": "12.00",
        "currency": "CHF"
      },
      "name": "55cm x 55cm",
      "price_override": null,
      "product": 85,
      "quantity": 687,
      "quantity_allocated": 16,
      "sku": "698223581",
      "track_inventory": true,
      "weight": 0.0
    },
    "model": "product.productvariant",
    "pk": 198
  },
  {
    "fields": {
      "attributes": "{\"22\": \"70\"}",
      "cost_price": {
        "_type": "Money",
        "amount": "13.00",
        "currency": "CHF"
      },
      "name": "45cm x 45cm",
      "price_override": null,
      "product": 86,
      "quantity": 572,
      "quantity_allocated": 1,
      "sku": "987126191",
      "track_inventory": true,
      "weight": 0.0
    },
    "model": "product.productvariant",
    "pk": 199
  },
  {
    "fields": {
      "attributes": "{\"22\": \"71\"}",
      "cost_price": {
        "_type": "Money",
        "amount": "13.00",
        "currency": "CHF"
      },
      "name": "55cm x 55cm",
      "price_override": null,
      "product": 86,
      "quantity": 1020,
      "quantity_allocated": 21,
      "sku": "998223590",
      "track_inventory": true,
      "weight": 0.0
    },
    "model": "product.productvariant",
    "pk": 200
  },
  {
    "fields": {
      "attributes": "{\"15\": \"46\"}",
      "cost_price": {
        "_type": "Money",
        "amount": "1.00",
        "currency": "CHF"
      },
      "name": "500ml",
      "price_override": null,
      "product": 72,
      "quantity": 1218,
      "quantity_allocated": 7,
      "sku": "93855755",
      "track_inventory": true,
      "weight": 1.0
    },
    "model": "product.productvariant",
    "pk": 202
  },
  {
    "fields": {
      "attributes": "{\"15\": \"47\"}",
      "cost_price": {
        "_type": "Money",
        "amount": "1.50",
        "currency": "CHF"
      },
      "name": "1l",
      "price_override": {
        "_type": "Money",
        "amount": "5.00",
        "currency": "CHF"
      },
      "product": 72,
      "quantity": 178,
      "quantity_allocated": 3,
      "sku": "43226647",
      "track_inventory": true,
      "weight": 1.0
    },
    "model": "product.productvariant",
    "pk": 203
  },
  {
    "fields": {
      "attributes": "{\"15\": \"48\"}",
      "cost_price": {
        "_type": "Money",
        "amount": "2.00",
        "currency": "CHF"
      },
      "name": "2l",
      "price_override": {
        "_type": "Money",
        "amount": "7.00",
        "currency": "CHF"
      },
      "product": 72,
      "quantity": 224,
      "quantity_allocated": 13,
      "sku": "80884671",
      "track_inventory": true,
      "weight": 2.0
    },
    "model": "product.productvariant",
    "pk": 204
  },
  {
    "fields": {
      "attributes": "{\"15\": \"46\"}",
      "cost_price": {
        "_type": "Money",
        "amount": "1.00",
        "currency": "CHF"
      },
      "name": "500ml",
      "price_override": null,
      "product": 73,
      "quantity": 1214,
      "quantity_allocated": 3,
      "sku": "67882967",
      "track_inventory": true,
      "weight": 1.0
    },
    "model": "product.productvariant",
    "pk": 205
  },
  {
    "fields": {
      "attributes": "{\"15\": \"47\"}",
      "cost_price": {
        "_type": "Money",
        "amount": "1.50",
        "currency": "CHF"
      },
      "name": "1l",
      "price_override": {
        "_type": "Money",
        "amount": "5.00",
        "currency": "CHF"
      },
      "product": 73,
      "quantity": 181,
      "quantity_allocated": 6,
      "sku": "14925419",
      "track_inventory": true,
      "weight": 1.0
    },
    "model": "product.productvariant",
    "pk": 206
  },
  {
    "fields": {
      "attributes": "{\"15\": \"48\"}",
      "cost_price": {
        "_type": "Money",
        "amount": "2.00",
        "currency": "CHF"
      },
      "name": "2l",
      "price_override": {
        "_type": "Money",
        "amount": "7.00",
        "currency": "CHF"
      },
      "product": 73,
      "quantity": 223,
      "quantity_allocated": 12,
      "sku": "62426105",
      "track_inventory": true,
      "weight": 2.0
    },
    "model": "product.productvariant",
    "pk": 207
  },
  {
    "fields": {
      "attributes": "{\"15\": \"46\"}",
      "cost_price": {
        "_type": "Money",
        "amount": "1.00",
        "currency": "CHF"
      },
      "name": "500ml",
      "price_override": null,
      "product": 74,
      "quantity": 1214,
      "quantity_allocated": 3,
      "sku": "45328412",
      "track_inventory": true,
      "weight": 1.0
    },
    "model": "product.productvariant",
    "pk": 208
  },
  {
    "fields": {
      "attributes": "{\"15\": \"47\"}",
      "cost_price": {
        "_type": "Money",
        "amount": "1.50",
        "currency": "CHF"
      },
      "name": "1l",
      "price_override": {
        "_type": "Money",
        "amount": "5.00",
        "currency": "CHF"
      },
      "product": 74,
      "quantity": 185,
      "quantity_allocated": 10,
      "sku": "27512590",
      "track_inventory": true,
      "weight": 1.0
    },
    "model": "product.productvariant",
    "pk": 209
  },
  {
    "fields": {
      "attributes": "{\"15\": \"48\"}",
      "cost_price": {
        "_type": "Money",
        "amount": "2.00",
        "currency": "CHF"
      },
      "name": "2l",
      "price_override": {
        "_type": "Money",
        "amount": "7.00",
        "currency": "CHF"
      },
      "product": 74,
      "quantity": 225,
      "quantity_allocated": 14,
      "sku": "40636347",
      "track_inventory": true,
      "weight": 2.0
    },
    "model": "product.productvariant",
    "pk": 210
  },
  {
    "fields": {
      "attributes": "{\"15\": \"46\"}",
      "cost_price": {
        "_type": "Money",
        "amount": "1.00",
        "currency": "CHF"
      },
      "name": "500ml",
      "price_override": null,
      "product": 75,
      "quantity": 1216,
      "quantity_allocated": 5,
      "sku": "43200242",
      "track_inventory": true,
      "weight": 1.0
    },
    "model": "product.productvariant",
    "pk": 211
  },
  {
    "fields": {
      "attributes": "{\"15\": \"47\"}",
      "cost_price": {
        "_type": "Money",
        "amount": "1.50",
        "currency": "CHF"
      },
      "name": "1l",
      "price_override": {
        "_type": "Money",
        "amount": "5.00",
        "currency": "CHF"
      },
      "product": 75,
      "quantity": 187,
      "quantity_allocated": 12,
      "sku": "79129513",
      "track_inventory": true,
      "weight": 1.0
    },
    "model": "product.productvariant",
    "pk": 212
  },
  {
    "fields": {
      "attributes": "{\"15\": \"48\"}",
      "cost_price": {
        "_type": "Money",
        "amount": "2.00",
        "currency": "CHF"
      },
      "name": "2l",
      "price_override": {
        "_type": "Money",
        "amount": "7.00",
        "currency": "CHF"
      },
      "product": 75,
      "quantity": 225,
      "quantity_allocated": 14,
      "sku": "75799450",
      "track_inventory": true,
      "weight": 2.0
    },
    "model": "product.productvariant",
    "pk": 213
  },
  {
    "fields": {
      "attributes": "{\"15\": \"46\"}",
      "cost_price": {
        "_type": "Money",
        "amount": "1.00",
        "currency": "CHF"
      },
      "name": "500ml",
      "price_override": null,
      "product": 76,
      "quantity": 1214,
      "quantity_allocated": 3,
      "sku": "3944859",
      "track_inventory": true,
      "weight": 1.0
    },
    "model": "product.productvariant",
    "pk": 214
  },
  {
    "fields": {
      "attributes": "{\"15\": \"47\"}",
      "cost_price": {
        "_type": "Money",
        "amount": "1.50",
        "currency": "CHF"
      },
      "name": "1l",
      "price_override": {
        "_type": "Money",
        "amount": "5.00",
        "currency": "CHF"
      },
      "product": 76,
      "quantity": 179,
      "quantity_allocated": 4,
      "sku": "5829405",
      "track_inventory": true,
      "weight": 1.0
    },
    "model": "product.productvariant",
    "pk": 215
  },
  {
    "fields": {
      "attributes": "{\"15\": \"48\"}",
      "cost_price": {
        "_type": "Money",
        "amount": "2.00",
        "currency": "CHF"
      },
      "name": "2l",
      "price_override": {
        "_type": "Money",
        "amount": "7.00",
        "currency": "CHF"
      },
      "product": 76,
      "quantity": 238,
      "quantity_allocated": 27,
      "sku": "84725784",
      "track_inventory": true,
      "weight": 2.0
    },
    "model": "product.productvariant",
    "pk": 216
  },
  {
    "fields": {
      "attributes": "{\"15\": \"46\"}",
      "cost_price": {
        "_type": "Money",
        "amount": "1.00",
        "currency": "CHF"
      },
      "name": "500ml",
      "price_override": null,
      "product": 77,
      "quantity": 1222,
      "quantity_allocated": 11,
      "sku": "70058446",
      "track_inventory": true,
      "weight": 1.0
    },
    "model": "product.productvariant",
    "pk": 217
  },
  {
    "fields": {
      "attributes": "{\"15\": \"47\"}",
      "cost_price": {
        "_type": "Money",
        "amount": "1.50",
        "currency": "CHF"
      },
      "name": "1l",
      "price_override": {
        "_type": "Money",
        "amount": "5.00",
        "currency": "CHF"
      },
      "product": 77,
      "quantity": 177,
      "quantity_allocated": 2,
      "sku": "94044081",
      "track_inventory": true,
      "weight": 1.0
    },
    "model": "product.productvariant",
    "pk": 218
  },
  {
    "fields": {
      "attributes": "{\"15\": \"48\"}",
      "cost_price": {
        "_type": "Money",
        "amount": "2.00",
        "currency": "CHF"
      },
      "name": "2l",
      "price_override": {
        "_type": "Money",
        "amount": "7.00",
        "currency": "CHF"
      },
      "product": 77,
      "quantity": 221,
      "quantity_allocated": 10,
      "sku": "80696397",
      "track_inventory": true,
      "weight": 2.0
    },
    "model": "product.productvariant",
    "pk": 219
  },
  {
    "fields": {
      "attributes": "{\"15\": \"46\"}",
      "cost_price": {
        "_type": "Money",
        "amount": "1.00",
        "currency": "CHF"
      },
      "name": "500ml",
      "price_override": null,
      "product": 78,
      "quantity": 1216,
      "quantity_allocated": 5,
      "sku": "60752428",
      "track_inventory": true,
      "weight": 1.0
    },
    "model": "product.productvariant",
    "pk": 220
  },
  {
    "fields": {
      "attributes": "{\"15\": \"47\"}",
      "cost_price": {
        "_type": "Money",
        "amount": "1.50",
        "currency": "CHF"
      },
      "name": "1l",
      "price_override": {
        "_type": "Money",
        "amount": "5.00",
        "currency": "CHF"
      },
      "product": 78,
      "quantity": 181,
      "quantity_allocated": 6,
      "sku": "81470859",
      "track_inventory": true,
      "weight": 1.0
    },
    "model": "product.productvariant",
    "pk": 221
  },
  {
    "fields": {
      "attributes": "{\"15\": \"48\"}",
      "cost_price": {
        "_type": "Money",
        "amount": "2.00",
        "currency": "CHF"
      },
      "name": "2l",
      "price_override": {
        "_type": "Money",
        "amount": "7.00",
        "currency": "CHF"
      },
      "product": 78,
      "quantity": 228,
      "quantity_allocated": 17,
      "sku": "30635751",
      "track_inventory": true,
      "weight": 2.0
    },
    "model": "product.productvariant",
    "pk": 222
  },
  {
    "fields": {
      "attributes": "{\"15\": \"46\"}",
      "cost_price": {
        "_type": "Money",
        "amount": "1.00",
        "currency": "CHF"
      },
      "name": "500ml",
      "price_override": null,
      "product": 79,
      "quantity": 1221,
      "quantity_allocated": 10,
      "sku": "57211177",
      "track_inventory": true,
      "weight": 1.0
    },
    "model": "product.productvariant",
    "pk": 223
  },
  {
    "fields": {
      "attributes": "{\"15\": \"47\"}",
      "cost_price": {
        "_type": "Money",
        "amount": "1.50",
        "currency": "CHF"
      },
      "name": "1l",
      "price_override": {
        "_type": "Money",
        "amount": "5.00",
        "currency": "CHF"
      },
      "product": 79,
      "quantity": 179,
      "quantity_allocated": 4,
      "sku": "57423879",
      "track_inventory": true,
      "weight": 1.0
    },
    "model": "product.productvariant",
    "pk": 224
  },
  {
    "fields": {
      "attributes": "{\"15\": \"48\"}",
      "cost_price": {
        "_type": "Money",
        "amount": "2.00",
        "currency": "CHF"
      },
      "name": "2l",
      "price_override": {
        "_type": "Money",
        "amount": "7.00",
        "currency": "CHF"
      },
      "product": 79,
      "quantity": 229,
      "quantity_allocated": 18,
      "sku": "21438542",
      "track_inventory": true,
      "weight": 2.0
    },
    "model": "product.productvariant",
    "pk": 225
  },
  {
    "fields": {
      "attributes": "{\"24\": \"75\"}",
      "cost_price": {
        "_type": "Money",
        "amount": "20.00",
        "currency": "CHF"
      },
      "name": "39",
      "price_override": null,
      "product": 87,
      "quantity": 9125,
      "quantity_allocated": 4,
      "sku": "398323583",
      "track_inventory": true,
      "weight": 0.0
    },
    "model": "product.productvariant",
    "pk": 242
  },
  {
    "fields": {
      "attributes": "{\"24\": \"76\"}",
      "cost_price": {
        "_type": "Money",
        "amount": "20.00",
        "currency": "CHF"
      },
      "name": "40",
      "price_override": null,
      "product": 87,
      "quantity": 1,
      "quantity_allocated": 0,
      "sku": "398323584",
      "track_inventory": true,
      "weight": 0.0
    },
    "model": "product.productvariant",
    "pk": 243
  },
  {
    "fields": {
      "attributes": "{\"24\": \"77\"}",
      "cost_price": {
        "_type": "Money",
        "amount": "20.00",
        "currency": "CHF"
      },
      "name": "41",
      "price_override": null,
      "product": 87,
      "quantity": 1,
      "quantity_allocated": 0,
      "sku": "398323585",
      "track_inventory": true,
      "weight": 0.0
    },
    "model": "product.productvariant",
    "pk": 244
  },
  {
    "fields": {
      "attributes": "{\"24\": \"78\"}",
      "cost_price": {
        "_type": "Money",
        "amount": "20.00",
        "currency": "CHF"
      },
      "name": "42",
      "price_override": null,
      "product": 87,
      "quantity": 131,
      "quantity_allocated": 0,
      "sku": "398323586",
      "track_inventory": true,
      "weight": 0.0
    },
    "model": "product.productvariant",
    "pk": 245
  },
  {
    "fields": {
      "attributes": "{\"24\": \"79\"}",
      "cost_price": {
        "_type": "Money",
        "amount": "20.00",
        "currency": "CHF"
      },
      "name": "43",
      "price_override": null,
      "product": 87,
      "quantity": 882,
      "quantity_allocated": 21,
      "sku": "398323588",
      "track_inventory": true,
      "weight": 0.0
    },
    "model": "product.productvariant",
    "pk": 246
  },
  {
    "fields": {
      "attributes": "{\"24\": \"76\"}",
      "cost_price": {
        "_type": "Money",
        "amount": "10.00",
        "currency": "CHF"
      },
      "name": "40",
      "price_override": null,
      "product": 88,
      "quantity": 7611,
      "quantity_allocated": 0,
      "sku": "993223583",
      "track_inventory": true,
      "weight": 1.0
    },
    "model": "product.productvariant",
    "pk": 247
  },
  {
    "fields": {
      "attributes": "{\"24\": \"77\"}",
      "cost_price": {
        "_type": "Money",
        "amount": "20.00",
        "currency": "CHF"
      },
      "name": "41",
      "price_override": null,
      "product": 88,
      "quantity": 977,
      "quantity_allocated": 6,
      "sku": "978223582",
      "track_inventory": true,
      "weight": 1.0
    },
    "model": "product.productvariant",
    "pk": 248
  },
  {
    "fields": {
      "attributes": "{\"24\": \"76\"}",
      "cost_price": null,
      "name": "40",
      "price_override": null,
      "product": 88,
      "quantity": 0,
      "quantity_allocated": 0,
      "sku": "918323583",
      "track_inventory": true,
      "weight": 2.0
    },
    "model": "product.productvariant",
    "pk": 249
  },
  {
    "fields": {
      "attributes": "{\"24\": \"81\"}",
      "cost_price": {
        "_type": "Money",
        "amount": "20.00",
        "currency": "CHF"
      },
      "name": "45",
      "price_override": null,
      "product": 88,
      "quantity": 15,
      "quantity_allocated": 15,
      "sku": "918223582",
      "track_inventory": true,
      "weight": 2.0
    },
    "model": "product.productvariant",
    "pk": 250
  },
  {
    "fields": {
      "attributes": "{\"13\": \"36\"}",
      "cost_price": {
        "_type": "Money",
        "amount": "10.00",
        "currency": "CHF"
      },
      "name": "S",
      "price_override": null,
      "product": 89,
      "quantity": 1213,
      "quantity_allocated": 0,
      "sku": "988323583",
      "track_inventory": true,
      "weight": 0.0
    },
    "model": "product.productvariant",
    "pk": 251
  },
  {
    "fields": {
      "attributes": "{\"13\": \"37\"}",
      "cost_price": {
        "_type": "Money",
        "amount": "10.00",
        "currency": "CHF"
      },
      "name": "M",
      "price_override": null,
      "product": 89,
      "quantity": 7,
      "quantity_allocated": 6,
      "sku": "338223582",
      "track_inventory": true,
      "weight": 0.0
    },
    "model": "product.productvariant",
    "pk": 252
  },
  {
    "fields": {
      "attributes": "{\"13\": \"38\"}",
      "cost_price": {
        "_type": "Money",
        "amount": "10.00",
        "currency": "CHF"
      },
      "name": "L",
      "price_override": null,
      "product": 89,
      "quantity": 9818,
      "quantity_allocated": 0,
      "sku": "118223591",
      "track_inventory": true,
      "weight": 0.0
    },
    "model": "product.productvariant",
    "pk": 253
  },
  {
    "fields": {
      "attributes": "{\"13\": \"39\"}",
      "cost_price": {
        "_type": "Money",
        "amount": "10.00",
        "currency": "CHF"
      },
      "name": "XL",
      "price_override": null,
      "product": 89,
      "quantity": 1,
      "quantity_allocated": 0,
      "sku": "448323583",
      "track_inventory": true,
      "weight": 0.0
    },
    "model": "product.productvariant",
    "pk": 254
  },
  {
    "fields": {
      "attributes": "{\"13\": \"40\"}",
      "cost_price": {
        "_type": "Money",
        "amount": "10.00",
        "currency": "CHF"
      },
      "name": "XXL",
      "price_override": null,
      "product": 89,
      "quantity": 5802,
      "quantity_allocated": 11,
      "sku": "3128223583",
      "track_inventory": true,
      "weight": 0.0
    },
    "model": "product.productvariant",
    "pk": 255
  },
  {
    "fields": {
      "attributes": "{\"13\": \"36\"}",
      "cost_price": {
        "_type": "Money",
        "amount": "10.00",
        "currency": "CHF"
      },
      "name": "S",
      "price_override": null,
      "product": 107,
      "quantity": 1227,
      "quantity_allocated": 14,
      "sku": "29716755",
      "track_inventory": true,
      "weight": 0.0
    },
    "model": "product.productvariant",
    "pk": 256
  },
  {
    "fields": {
      "attributes": "{\"13\": \"37\"}",
      "cost_price": {
        "_type": "Money",
        "amount": "10.00",
        "currency": "CHF"
      },
      "name": "M",
      "price_override": null,
      "product": 107,
      "quantity": 8,
      "quantity_allocated": 7,
      "sku": "66594736",
      "track_inventory": true,
      "weight": 0.0
    },
    "model": "product.productvariant",
    "pk": 257
  },
  {
    "fields": {
      "attributes": "{\"13\": \"38\"}",
      "cost_price": {
        "_type": "Money",
        "amount": "10.00",
        "currency": "CHF"
      },
      "name": "L",
      "price_override": null,
      "product": 107,
      "quantity": 9818,
      "quantity_allocated": 0,
      "sku": "50269944",
      "track_inventory": true,
      "weight": 0.0
    },
    "model": "product.productvariant",
    "pk": 258
  },
  {
    "fields": {
      "attributes": "{\"13\": \"39\"}",
      "cost_price": {
        "_type": "Money",
        "amount": "10.00",
        "currency": "CHF"
      },
      "name": "XL",
      "price_override": null,
      "product": 107,
      "quantity": 1,
      "quantity_allocated": 0,
      "sku": "31352185",
      "track_inventory": true,
      "weight": 0.0
    },
    "model": "product.productvariant",
    "pk": 259
  },
  {
    "fields": {
      "attributes": "{\"13\": \"40\"}",
      "cost_price": {
        "_type": "Money",
        "amount": "10.00",
        "currency": "CHF"
      },
      "name": "XXL",
      "price_override": null,
      "product": 107,
      "quantity": 5817,
      "quantity_allocated": 26,
      "sku": "85364796",
      "track_inventory": true,
      "weight": 0.0
    },
    "model": "product.productvariant",
    "pk": 260
  },
  {
    "fields": {
      "attributes": "{\"13\": \"36\"}",
      "cost_price": {
        "_type": "Money",
        "amount": "10.00",
        "currency": "CHF"
      },
      "name": "S",
      "price_override": null,
      "product": 108,
      "quantity": 1217,
      "quantity_allocated": 4,
      "sku": "44026421",
      "track_inventory": true,
      "weight": 0.0
    },
    "model": "product.productvariant",
    "pk": 261
  },
  {
    "fields": {
      "attributes": "{\"13\": \"37\"}",
      "cost_price": {
        "_type": "Money",
        "amount": "10.00",
        "currency": "CHF"
      },
      "name": "M",
      "price_override": null,
      "product": 108,
      "quantity": 4,
      "quantity_allocated": 3,
      "sku": "90892602",
      "track_inventory": true,
      "weight": 0.0
    },
    "model": "product.productvariant",
    "pk": 262
  },
  {
    "fields": {
      "attributes": "{\"13\": \"38\"}",
      "cost_price": {
        "_type": "Money",
        "amount": "10.00",
        "currency": "CHF"
      },
      "name": "L",
      "price_override": null,
      "product": 108,
      "quantity": 9818,
      "quantity_allocated": 0,
      "sku": "59014392",
      "track_inventory": true,
      "weight": 0.0
    },
    "model": "product.productvariant",
    "pk": 263
  },
  {
    "fields": {
      "attributes": "{\"13\": \"39\"}",
      "cost_price": {
        "_type": "Money",
        "amount": "10.00",
        "currency": "CHF"
      },
      "name": "XL",
      "price_override": null,
      "product": 108,
      "quantity": 1,
      "quantity_allocated": 0,
      "sku": "43659438",
      "track_inventory": true,
      "weight": 0.0
    },
    "model": "product.productvariant",
    "pk": 264
  },
  {
    "fields": {
      "attributes": "{\"13\": \"40\"}",
      "cost_price": {
        "_type": "Money",
        "amount": "10.00",
        "currency": "CHF"
      },
      "name": "XXL",
      "price_override": null,
      "product": 108,
      "quantity": 5820,
      "quantity_allocated": 29,
      "sku": "60597697",
      "track_inventory": true,
      "weight": 0.0
    },
    "model": "product.productvariant",
    "pk": 265
  },
  {
    "fields": {
      "attributes": "{\"13\": \"36\"}",
      "cost_price": {
        "_type": "Money",
        "amount": "10.00",
        "currency": "CHF"
      },
      "name": "S",
      "price_override": null,
      "product": 109,
      "quantity": 1220,
      "quantity_allocated": 7,
      "sku": "26592266",
      "track_inventory": true,
      "weight": 0.0
    },
    "model": "product.productvariant",
    "pk": 266
  },
  {
    "fields": {
      "attributes": "{\"13\": \"37\"}",
      "cost_price": {
        "_type": "Money",
        "amount": "10.00",
        "currency": "CHF"
      },
      "name": "M",
      "price_override": null,
      "product": 109,
      "quantity": 2,
      "quantity_allocated": 1,
      "sku": "36260498",
      "track_inventory": true,
      "weight": 0.0
    },
    "model": "product.productvariant",
    "pk": 267
  },
  {
    "fields": {
      "attributes": "{\"13\": \"38\"}",
      "cost_price": {
        "_type": "Money",
        "amount": "10.00",
        "currency": "CHF"
      },
      "name": "L",
      "price_override": null,
      "product": 109,
      "quantity": 9818,
      "quantity_allocated": 0,
      "sku": "37558859",
      "track_inventory": true,
      "weight": 0.0
    },
    "model": "product.productvariant",
    "pk": 268
  },
  {
    "fields": {
      "attributes": "{\"13\": \"39\"}",
      "cost_price": {
        "_type": "Money",
        "amount": "10.00",
        "currency": "CHF"
      },
      "name": "XL",
      "price_override": null,
      "product": 109,
      "quantity": 1,
      "quantity_allocated": 0,
      "sku": "19402012",
      "track_inventory": true,
      "weight": 0.0
    },
    "model": "product.productvariant",
    "pk": 269
  },
  {
    "fields": {
      "attributes": "{\"13\": \"40\"}",
      "cost_price": {
        "_type": "Money",
        "amount": "10.00",
        "currency": "CHF"
      },
      "name": "XXL",
      "price_override": null,
      "product": 109,
      "quantity": 5817,
      "quantity_allocated": 26,
      "sku": "17570141",
      "track_inventory": true,
      "weight": 0.0
    },
    "model": "product.productvariant",
    "pk": 270
  },
  {
    "fields": {
      "attributes": "{\"13\": \"36\"}",
      "cost_price": {
        "_type": "Money",
        "amount": "10.00",
        "currency": "CHF"
      },
      "name": "S",
      "price_override": null,
      "product": 110,
      "quantity": 1221,
      "quantity_allocated": 8,
      "sku": "98530976",
      "track_inventory": true,
      "weight": 0.0
    },
    "model": "product.productvariant",
    "pk": 271
  },
  {
    "fields": {
      "attributes": "{\"13\": \"37\"}",
      "cost_price": {
        "_type": "Money",
        "amount": "10.00",
        "currency": "CHF"
      },
      "name": "M",
      "price_override": null,
      "product": 110,
      "quantity": 6,
      "quantity_allocated": 5,
      "sku": "46806935",
      "track_inventory": true,
      "weight": 0.0
    },
    "model": "product.productvariant",
    "pk": 272
  },
  {
    "fields": {
      "attributes": "{\"13\": \"38\"}",
      "cost_price": {
        "_type": "Money",
        "amount": "10.00",
        "currency": "CHF"
      },
      "name": "L",
      "price_override": null,
      "product": 110,
      "quantity": 9818,
      "quantity_allocated": 0,
      "sku": "71103052",
      "track_inventory": true,
      "weight": 0.0
    },
    "model": "product.productvariant",
    "pk": 273
  },
  {
    "fields": {
      "attributes": "{\"13\": \"39\"}",
      "cost_price": {
        "_type": "Money",
        "amount": "10.00",
        "currency": "CHF"
      },
      "name": "XL",
      "price_override": null,
      "product": 110,
      "quantity": 1,
      "quantity_allocated": 0,
      "sku": "84812015",
      "track_inventory": true,
      "weight": 0.0
    },
    "model": "product.productvariant",
    "pk": 274
  },
  {
    "fields": {
      "attributes": "{\"13\": \"40\"}",
      "cost_price": {
        "_type": "Money",
        "amount": "10.00",
        "currency": "CHF"
      },
      "name": "XXL",
      "price_override": null,
      "product": 110,
      "quantity": 5816,
      "quantity_allocated": 25,
      "sku": "89820261",
      "track_inventory": true,
      "weight": 0.0
    },
    "model": "product.productvariant",
    "pk": 275
  },
  {
    "fields": {
      "attributes": "{\"13\": \"36\"}",
      "cost_price": {
        "_type": "Money",
        "amount": "10.00",
        "currency": "CHF"
      },
      "name": "S",
      "price_override": null,
      "product": 111,
      "quantity": 1215,
      "quantity_allocated": 2,
      "sku": "81115323",
      "track_inventory": true,
      "weight": 0.0
    },
    "model": "product.productvariant",
    "pk": 276
  },
  {
    "fields": {
      "attributes": "{\"13\": \"37\"}",
      "cost_price": {
        "_type": "Money",
        "amount": "10.00",
        "currency": "CHF"
      },
      "name": "M",
      "price_override": null,
      "product": 111,
      "quantity": 5,
      "quantity_allocated": 4,
      "sku": "38254631",
      "track_inventory": true,
      "weight": 0.0
    },
    "model": "product.productvariant",
    "pk": 277
  },
  {
    "fields": {
      "attributes": "{\"13\": \"38\"}",
      "cost_price": {
        "_type": "Money",
        "amount": "10.00",
        "currency": "CHF"
      },
      "name": "L",
      "price_override": null,
      "product": 111,
      "quantity": 9821,
      "quantity_allocated": 3,
      "sku": "11511539",
      "track_inventory": true,
      "weight": 0.0
    },
    "model": "product.productvariant",
    "pk": 278
  },
  {
    "fields": {
      "attributes": "{\"13\": \"39\"}",
      "cost_price": {
        "_type": "Money",
        "amount": "10.00",
        "currency": "CHF"
      },
      "name": "XL",
      "price_override": null,
      "product": 111,
      "quantity": 1,
      "quantity_allocated": 0,
      "sku": "84192227",
      "track_inventory": true,
      "weight": 0.0
    },
    "model": "product.productvariant",
    "pk": 279
  },
  {
    "fields": {
      "attributes": "{\"13\": \"40\"}",
      "cost_price": {
        "_type": "Money",
        "amount": "10.00",
        "currency": "CHF"
      },
      "name": "XXL",
      "price_override": null,
      "product": 111,
      "quantity": 5807,
      "quantity_allocated": 16,
      "sku": "91642659",
      "track_inventory": true,
      "weight": 0.0
    },
    "model": "product.productvariant",
    "pk": 280
  },
  {
    "fields": {
      "attributes": "{\"13\": \"36\"}",
      "cost_price": {
        "_type": "Money",
        "amount": "10.00",
        "currency": "CHF"
      },
      "name": "S",
      "price_override": null,
      "product": 112,
      "quantity": 1217,
      "quantity_allocated": 4,
      "sku": "76491340",
      "track_inventory": true,
      "weight": 0.0
    },
    "model": "product.productvariant",
    "pk": 281
  },
  {
    "fields": {
      "attributes": "{\"13\": \"37\"}",
      "cost_price": {
        "_type": "Money",
        "amount": "10.00",
        "currency": "CHF"
      },
      "name": "M",
      "price_override": null,
      "product": 112,
      "quantity": 3,
      "quantity_allocated": 2,
      "sku": "55101176",
      "track_inventory": true,
      "weight": 0.0
    },
    "model": "product.productvariant",
    "pk": 282
  },
  {
    "fields": {
      "attributes": "{\"13\": \"38\"}",
      "cost_price": {
        "_type": "Money",
        "amount": "10.00",
        "currency": "CHF"
      },
      "name": "L",
      "price_override": null,
      "product": 112,
      "quantity": 9819,
      "quantity_allocated": 1,
      "sku": "28094954",
      "track_inventory": true,
      "weight": 0.0
    },
    "model": "product.productvariant",
    "pk": 283
  },
  {
    "fields": {
      "attributes": "{\"13\": \"39\"}",
      "cost_price": {
        "_type": "Money",
        "amount": "10.00",
        "currency": "CHF"
      },
      "name": "XL",
      "price_override": null,
      "product": 112,
      "quantity": 1,
      "quantity_allocated": 0,
      "sku": "40232182",
      "track_inventory": true,
      "weight": 0.0
    },
    "model": "product.productvariant",
    "pk": 284
  },
  {
    "fields": {
      "attributes": "{\"13\": \"40\"}",
      "cost_price": {
        "_type": "Money",
        "amount": "10.00",
        "currency": "CHF"
      },
      "name": "XXL",
      "price_override": null,
      "product": 112,
      "quantity": 5809,
      "quantity_allocated": 18,
      "sku": "21522631",
      "track_inventory": true,
      "weight": 0.0
    },
    "model": "product.productvariant",
    "pk": 285
  },
  {
    "fields": {
      "attributes": "{\"13\": \"36\"}",
      "cost_price": {
        "_type": "Money",
        "amount": "10.00",
        "currency": "CHF"
      },
      "name": "S",
      "price_override": null,
      "product": 113,
      "quantity": 1220,
      "quantity_allocated": 7,
      "sku": "29810068",
      "track_inventory": true,
      "weight": 0.0
    },
    "model": "product.productvariant",
    "pk": 286
  },
  {
    "fields": {
      "attributes": "{\"13\": \"37\"}",
      "cost_price": {
        "_type": "Money",
        "amount": "10.00",
        "currency": "CHF"
      },
      "name": "M",
      "price_override": null,
      "product": 113,
      "quantity": 6,
      "quantity_allocated": 5,
      "sku": "57917658",
      "track_inventory": true,
      "weight": 0.0
    },
    "model": "product.productvariant",
    "pk": 287
  },
  {
    "fields": {
      "attributes": "{\"13\": \"38\"}",
      "cost_price": {
        "_type": "Money",
        "amount": "10.00",
        "currency": "CHF"
      },
      "name": "L",
      "price_override": null,
      "product": 113,
      "quantity": 9818,
      "quantity_allocated": 0,
      "sku": "42680611",
      "track_inventory": true,
      "weight": 0.0
    },
    "model": "product.productvariant",
    "pk": 288
  },
  {
    "fields": {
      "attributes": "{\"13\": \"39\"}",
      "cost_price": {
        "_type": "Money",
        "amount": "10.00",
        "currency": "CHF"
      },
      "name": "XL",
      "price_override": null,
      "product": 113,
      "quantity": 1,
      "quantity_allocated": 0,
      "sku": "72289815",
      "track_inventory": true,
      "weight": 0.0
    },
    "model": "product.productvariant",
    "pk": 289
  },
  {
    "fields": {
      "attributes": "{\"13\": \"40\"}",
      "cost_price": {
        "_type": "Money",
        "amount": "10.00",
        "currency": "CHF"
      },
      "name": "XXL",
      "price_override": null,
      "product": 113,
      "quantity": 5817,
      "quantity_allocated": 26,
      "sku": "98653891",
      "track_inventory": true,
      "weight": 0.0
    },
    "model": "product.productvariant",
    "pk": 290
  },
  {
    "fields": {
      "attributes": "{\"13\": \"36\"}",
      "cost_price": {
        "_type": "Money",
        "amount": "10.00",
        "currency": "CHF"
      },
      "name": "S",
      "price_override": null,
      "product": 114,
      "quantity": 1213,
      "quantity_allocated": 0,
      "sku": "77306807",
      "track_inventory": true,
      "weight": 0.0
    },
    "model": "product.productvariant",
    "pk": 291
  },
  {
    "fields": {
      "attributes": "{\"13\": \"37\"}",
      "cost_price": {
        "_type": "Money",
        "amount": "10.00",
        "currency": "CHF"
      },
      "name": "M",
      "price_override": null,
      "product": 114,
      "quantity": 1,
      "quantity_allocated": 0,
      "sku": "68848129",
      "track_inventory": true,
      "weight": 0.0
    },
    "model": "product.productvariant",
    "pk": 292
  },
  {
    "fields": {
      "attributes": "{\"13\": \"38\"}",
      "cost_price": {
        "_type": "Money",
        "amount": "10.00",
        "currency": "CHF"
      },
      "name": "L",
      "price_override": null,
      "product": 114,
      "quantity": 9818,
      "quantity_allocated": 0,
      "sku": "35342696",
      "track_inventory": true,
      "weight": 0.0
    },
    "model": "product.productvariant",
    "pk": 293
  },
  {
    "fields": {
      "attributes": "{\"13\": \"39\"}",
      "cost_price": {
        "_type": "Money",
        "amount": "10.00",
        "currency": "CHF"
      },
      "name": "XL",
      "price_override": null,
      "product": 114,
      "quantity": 1,
      "quantity_allocated": 0,
      "sku": "98935349",
      "track_inventory": true,
      "weight": 0.0
    },
    "model": "product.productvariant",
    "pk": 294
  },
  {
    "fields": {
      "attributes": "{\"13\": \"40\"}",
      "cost_price": {
        "_type": "Money",
        "amount": "10.00",
        "currency": "CHF"
      },
      "name": "XXL",
      "price_override": null,
      "product": 114,
      "quantity": 5805,
      "quantity_allocated": 14,
      "sku": "45179543",
      "track_inventory": true,
      "weight": 0.0
    },
    "model": "product.productvariant",
    "pk": 295
  },
  {
    "fields": {
      "attributes": "{\"13\": \"36\"}",
      "cost_price": {
        "_type": "Money",
        "amount": "10.00",
        "currency": "CHF"
      },
      "name": "S",
      "price_override": null,
      "product": 115,
      "quantity": 1216,
      "quantity_allocated": 3,
      "sku": "62783187",
      "track_inventory": true,
      "weight": 0.0
    },
    "model": "product.productvariant",
    "pk": 296
  },
  {
    "fields": {
      "attributes": "{\"13\": \"37\"}",
      "cost_price": {
        "_type": "Money",
        "amount": "10.00",
        "currency": "CHF"
      },
      "name": "M",
      "price_override": null,
      "product": 115,
      "quantity": 3,
      "quantity_allocated": 2,
      "sku": "91406604",
      "track_inventory": true,
      "weight": 0.0
    },
    "model": "product.productvariant",
    "pk": 297
  },
  {
    "fields": {
      "attributes": "{\"13\": \"38\"}",
      "cost_price": {
        "_type": "Money",
        "amount": "10.00",
        "currency": "CHF"
      },
      "name": "L",
      "price_override": null,
      "product": 115,
      "quantity": 9818,
      "quantity_allocated": 0,
      "sku": "22119503",
      "track_inventory": true,
      "weight": 0.0
    },
    "model": "product.productvariant",
    "pk": 298
  },
  {
    "fields": {
      "attributes": "{\"13\": \"39\"}",
      "cost_price": {
        "_type": "Money",
        "amount": "10.00",
        "currency": "CHF"
      },
      "name": "XL",
      "price_override": null,
      "product": 115,
      "quantity": 1,
      "quantity_allocated": 0,
      "sku": "19230637",
      "track_inventory": true,
      "weight": 0.0
    },
    "model": "product.productvariant",
    "pk": 299
  },
  {
    "fields": {
      "attributes": "{\"13\": \"40\"}",
      "cost_price": {
        "_type": "Money",
        "amount": "10.00",
        "currency": "CHF"
      },
      "name": "XXL",
      "price_override": null,
      "product": 115,
      "quantity": 5825,
      "quantity_allocated": 34,
      "sku": "61630747",
      "track_inventory": true,
      "weight": 0.0
    },
    "model": "product.productvariant",
    "pk": 300
  },
  {
    "fields": {
      "attributes": "{\"13\": \"36\"}",
      "cost_price": {
        "_type": "Money",
        "amount": "10.00",
        "currency": "CHF"
      },
      "name": "S",
      "price_override": null,
      "product": 116,
      "quantity": 1213,
      "quantity_allocated": 0,
      "sku": "15744278",
      "track_inventory": true,
      "weight": 0.0
    },
    "model": "product.productvariant",
    "pk": 301
  },
  {
    "fields": {
      "attributes": "{\"13\": \"37\"}",
      "cost_price": {
        "_type": "Money",
        "amount": "10.00",
        "currency": "CHF"
      },
      "name": "M",
      "price_override": null,
      "product": 116,
      "quantity": 4,
      "quantity_allocated": 3,
      "sku": "21599567",
      "track_inventory": true,
      "weight": 0.0
    },
    "model": "product.productvariant",
    "pk": 302
  },
  {
    "fields": {
      "attributes": "{\"13\": \"38\"}",
      "cost_price": {
        "_type": "Money",
        "amount": "10.00",
        "currency": "CHF"
      },
      "name": "L",
      "price_override": null,
      "product": 116,
      "quantity": 9820,
      "quantity_allocated": 2,
      "sku": "65363253",
      "track_inventory": true,
      "weight": 0.0
    },
    "model": "product.productvariant",
    "pk": 303
  },
  {
    "fields": {
      "attributes": "{\"13\": \"39\"}",
      "cost_price": {
        "_type": "Money",
        "amount": "10.00",
        "currency": "CHF"
      },
      "name": "XL",
      "price_override": null,
      "product": 116,
      "quantity": 1,
      "quantity_allocated": 0,
      "sku": "51987722",
      "track_inventory": true,
      "weight": 0.0
    },
    "model": "product.productvariant",
    "pk": 304
  },
  {
    "fields": {
      "attributes": "{\"13\": \"40\"}",
      "cost_price": {
        "_type": "Money",
        "amount": "10.00",
        "currency": "CHF"
      },
      "name": "XXL",
      "price_override": null,
      "product": 116,
      "quantity": 5805,
      "quantity_allocated": 14,
      "sku": "43313080",
      "track_inventory": true,
      "weight": 0.0
    },
    "model": "product.productvariant",
    "pk": 305
  },
  {
    "fields": {
      "attributes": "{\"13\": \"36\"}",
      "cost_price": {
        "_type": "Money",
        "amount": "10.00",
        "currency": "CHF"
      },
      "name": "S",
      "price_override": null,
      "product": 117,
      "quantity": 1218,
      "quantity_allocated": 5,
      "sku": "33963052",
      "track_inventory": true,
      "weight": 0.0
    },
    "model": "product.productvariant",
    "pk": 306
  },
  {
    "fields": {
      "attributes": "{\"13\": \"37\"}",
      "cost_price": {
        "_type": "Money",
        "amount": "10.00",
        "currency": "CHF"
      },
      "name": "M",
      "price_override": null,
      "product": 117,
      "quantity": 11,
      "quantity_allocated": 10,
      "sku": "66846240",
      "track_inventory": true,
      "weight": 0.0
    },
    "model": "product.productvariant",
    "pk": 307
  },
  {
    "fields": {
      "attributes": "{\"13\": \"38\"}",
      "cost_price": {
        "_type": "Money",
        "amount": "10.00",
        "currency": "CHF"
      },
      "name": "L",
      "price_override": null,
      "product": 117,
      "quantity": 9823,
      "quantity_allocated": 5,
      "sku": "55365141",
      "track_inventory": true,
      "weight": 0.0
    },
    "model": "product.productvariant",
    "pk": 308
  },
  {
    "fields": {
      "attributes": "{\"13\": \"39\"}",
      "cost_price": {
        "_type": "Money",
        "amount": "10.00",
        "currency": "CHF"
      },
      "name": "XL",
      "price_override": null,
      "product": 117,
      "quantity": 1,
      "quantity_allocated": 0,
      "sku": "73186143",
      "track_inventory": true,
      "weight": 0.0
    },
    "model": "product.productvariant",
    "pk": 309
  },
  {
    "fields": {
      "attributes": "{\"13\": \"40\"}",
      "cost_price": {
        "_type": "Money",
        "amount": "10.00",
        "currency": "CHF"
      },
      "name": "XXL",
      "price_override": null,
      "product": 117,
      "quantity": 5805,
      "quantity_allocated": 14,
      "sku": "42651772",
      "track_inventory": true,
      "weight": 0.0
    },
    "model": "product.productvariant",
    "pk": 310
  },
  {
    "fields": {
      "attributes": "{\"13\": \"36\"}",
      "cost_price": {
        "_type": "Money",
        "amount": "10.00",
        "currency": "CHF"
      },
      "name": "S",
      "price_override": null,
      "product": 118,
      "quantity": 1213,
      "quantity_allocated": 0,
      "sku": "70760297",
      "track_inventory": true,
      "weight": 0.0
    },
    "model": "product.productvariant",
    "pk": 311
  },
  {
    "fields": {
      "attributes": "{\"13\": \"37\"}",
      "cost_price": {
        "_type": "Money",
        "amount": "10.00",
        "currency": "CHF"
      },
      "name": "M",
      "price_override": null,
      "product": 118,
      "quantity": 10,
      "quantity_allocated": 9,
      "sku": "36334412",
      "track_inventory": true,
      "weight": 0.0
    },
    "model": "product.productvariant",
    "pk": 312
  },
  {
    "fields": {
      "attributes": "{\"13\": \"38\"}",
      "cost_price": {
        "_type": "Money",
        "amount": "10.00",
        "currency": "CHF"
      },
      "name": "L",
      "price_override": null,
      "product": 118,
      "quantity": 9818,
      "quantity_allocated": 0,
      "sku": "35994675",
      "track_inventory": true,
      "weight": 0.0
    },
    "model": "product.productvariant",
    "pk": 313
  },
  {
    "fields": {
      "attributes": "{\"13\": \"39\"}",
      "cost_price": {
        "_type": "Money",
        "amount": "10.00",
        "currency": "CHF"
      },
      "name": "XL",
      "price_override": null,
      "product": 118,
      "quantity": 3,
      "quantity_allocated": 2,
      "sku": "10404946",
      "track_inventory": true,
      "weight": 0.0
    },
    "model": "product.productvariant",
    "pk": 314
  },
  {
    "fields": {
      "attributes": "{\"13\": \"40\"}",
      "cost_price": {
        "_type": "Money",
        "amount": "10.00",
        "currency": "CHF"
      },
      "name": "XXL",
      "price_override": null,
      "product": 118,
      "quantity": 5818,
      "quantity_allocated": 27,
      "sku": "45507483",
      "track_inventory": true,
      "weight": 0.0
    },
    "model": "product.productvariant",
    "pk": 315
  },
  {
    "fields": {
      "name": "Size",
      "product_type": null,
      "product_variant_type": 14,
      "slug": "size"
    },
    "model": "product.attribute",
    "pk": 13
  },
  {
    "fields": {
      "name": "Color",
      "product_type": null,
      "product_variant_type": null,
      "slug": "color"
    },
    "model": "product.attribute",
    "pk": 14
  },
  {
    "fields": {
      "name": "Size",
      "product_type": null,
      "product_variant_type": 9,
      "slug": "bottle-size"
    },
    "model": "product.attribute",
    "pk": 15
  },
  {
    "fields": {
      "name": "Flavor",
      "product_type": 9,
      "product_variant_type": null,
      "slug": "flavor"
    },
    "model": "product.attribute",
    "pk": 16
  },
  {
    "fields": {
      "name": "Size",
      "product_type": null,
      "product_variant_type": 7,
      "slug": "bucket-size"
    },
    "model": "product.attribute",
    "pk": 18
  },
  {
    "fields": {
      "name": "Medium",
      "product_type": null,
      "product_variant_type": 8,
      "slug": "medium"
    },
    "model": "product.attribute",
    "pk": 19
  },
  {
    "fields": {
      "name": "Volume",
      "product_type": 10,
      "product_variant_type": null,
      "slug": "volume"
    },
    "model": "product.attribute",
    "pk": 20
  },
  {
    "fields": {
      "name": "ABV",
      "product_type": 11,
      "product_variant_type": null,
      "slug": "abv"
    },
    "model": "product.attribute",
    "pk": 21
  },
  {
    "fields": {
      "name": "Size",
      "product_type": null,
      "product_variant_type": 12,
      "slug": "cushion-size"
    },
    "model": "product.attribute",
    "pk": 22
  },
  {
    "fields": {
      "name": "Material",
      "product_type": 12,
      "product_variant_type": null,
      "slug": "material"
    },
    "model": "product.attribute",
    "pk": 23
  },
  {
    "fields": {
      "name": "Shoe size",
      "product_type": null,
      "product_variant_type": 13,
      "slug": "shoe-size"
    },
    "model": "product.attribute",
    "pk": 24
  },
  {
    "fields": {
      "name": "Material",
      "product_type": 14,
      "product_variant_type": null,
      "slug": "shirt-material"
    },
    "model": "product.attribute",
    "pk": 25
  },
  {
    "fields": {
      "attribute": 16,
      "name": "Pineapple",
      "slug": "pineapple",
      "sort_order": 6,
      "value": ""
    },
    "model": "product.attributevalue",
    "pk": 1
  },
  {
    "fields": {
      "attribute": 16,
      "name": "Coconut",
      "slug": "coconut",
      "sort_order": 7,
      "value": ""
    },
    "model": "product.attributevalue",
    "pk": 2
  },
  {
    "fields": {
      "attribute": 16,
      "name": "Apple",
      "slug": "apple",
      "sort_order": 8,
      "value": ""
    },
    "model": "product.attributevalue",
    "pk": 3
  },
  {
    "fields": {
      "attribute": 13,
      "name": "S",
      "slug": "s",
      "sort_order": 0,
      "value": ""
    },
    "model": "product.attributevalue",
    "pk": 36
  },
  {
    "fields": {
      "attribute": 13,
      "name": "M",
      "slug": "m",
      "sort_order": 1,
      "value": ""
    },
    "model": "product.attributevalue",
    "pk": 37
  },
  {
    "fields": {
      "attribute": 13,
      "name": "L",
      "slug": "l",
      "sort_order": 2,
      "value": ""
    },
    "model": "product.attributevalue",
    "pk": 38
  },
  {
    "fields": {
      "attribute": 13,
      "name": "XL",
      "slug": "xl",
      "sort_order": 3,
      "value": ""
    },
    "model": "product.attributevalue",
    "pk": 39
  },
  {
    "fields": {
      "attribute": 13,
      "name": "XXL",
      "slug": "xxl",
      "sort_order": 4,
      "value": ""
    },
    "model": "product.attributevalue",
    "pk": 40
  },
  {
    "fields": {
      "attribute": 14,
      "name": "White",
      "slug": "white",
      "sort_order": 0,
      "value": ""
    },
    "model": "product.attributevalue",
    "pk": 41
  },
  {
    "fields": {
      "attribute": 14,
      "name": "Blue",
      "slug": "blue",
      "sort_order": 1,
      "value": ""
    },
    "model": "product.attributevalue",
    "pk": 42
  },
  {
    "fields": {
      "attribute": 14,
      "name": "Orange",
      "slug": "orange",
      "sort_order": 2,
      "value": ""
    },
    "model": "product.attributevalue",
    "pk": 43
  },
  {
    "fields": {
      "attribute": 14,
      "name": "Black",
      "slug": "black",
      "sort_order": 3,
      "value": ""
    },
    "model": "product.attributevalue",
    "pk": 44
  },
  {
    "fields": {
      "attribute": 14,
      "name": "Cyan",
      "slug": "cyan",
      "sort_order": 4,
      "value": ""
    },
    "model": "product.attributevalue",
    "pk": 45
  },
  {
    "fields": {
      "attribute": 15,
      "name": "500ml",
      "slug": "500ml",
      "sort_order": 0,
      "value": ""
    },
    "model": "product.attributevalue",
    "pk": 46
  },
  {
    "fields": {
      "attribute": 15,
      "name": "1l",
      "slug": "1l",
      "sort_order": 1,
      "value": ""
    },
    "model": "product.attributevalue",
    "pk": 47
  },
  {
    "fields": {
      "attribute": 15,
      "name": "2l",
      "slug": "2l",
      "sort_order": 2,
      "value": ""
    },
    "model": "product.attributevalue",
    "pk": 48
  },
  {
    "fields": {
      "attribute": 16,
      "name": "Orange",
      "slug": "orange",
      "sort_order": 0,
      "value": ""
    },
    "model": "product.attributevalue",
    "pk": 49
  },
  {
    "fields": {
      "attribute": 16,
      "name": "Banana",
      "slug": "banana",
      "sort_order": 1,
      "value": ""
    },
    "model": "product.attributevalue",
    "pk": 50
  },
  {
    "fields": {
      "attribute": 16,
      "name": "Bean",
      "slug": "bean",
      "sort_order": 2,
      "value": ""
    },
    "model": "product.attributevalue",
    "pk": 51
  },
  {
    "fields": {
      "attribute": 16,
      "name": "Carrot",
      "slug": "carrot",
      "sort_order": 3,
      "value": ""
    },
    "model": "product.attributevalue",
    "pk": 52
  },
  {
    "fields": {
      "attribute": 16,
      "name": "Sprouty",
      "slug": "sprouty",
      "sort_order": 4,
      "value": ""
    },
    "model": "product.attributevalue",
    "pk": 53
  },
  {
    "fields": {
      "attribute": 16,
      "name": "Salty, like the tears of your enemy",
      "slug": "salty-like-the-tears-of-your-enemy",
      "sort_order": 5,
      "value": ""
    },
    "model": "product.attributevalue",
    "pk": 54
  },
  {
    "fields": {
      "attribute": 18,
      "name": "1l",
      "slug": "1l",
      "sort_order": 0,
      "value": ""
    },
    "model": "product.attributevalue",
    "pk": 60
  },
  {
    "fields": {
      "attribute": 18,
      "name": "2.5l",
      "slug": "25l",
      "sort_order": 1,
      "value": ""
    },
    "model": "product.attributevalue",
    "pk": 61
  },
  {
    "fields": {
      "attribute": 18,
      "name": "5l",
      "slug": "5l",
      "sort_order": 2,
      "value": ""
    },
    "model": "product.attributevalue",
    "pk": 62
  },
  {
    "fields": {
      "attribute": 19,
      "name": "Vinyl",
      "slug": "vinyl",
      "sort_order": 0,
      "value": ""
    },
    "model": "product.attributevalue",
    "pk": 63
  },
  {
    "fields": {
      "attribute": 19,
      "name": "DVD",
      "slug": "dvd",
      "sort_order": 1,
      "value": ""
    },
    "model": "product.attributevalue",
    "pk": 64
  },
  {
    "fields": {
      "attribute": 19,
      "name": "VHS",
      "slug": "vhs",
      "sort_order": 2,
      "value": ""
    },
    "model": "product.attributevalue",
    "pk": 65
  },
  {
    "fields": {
      "attribute": 19,
      "name": "iTunes",
      "slug": "itunes",
      "sort_order": 3,
      "value": ""
    },
    "model": "product.attributevalue",
    "pk": 66
  },
  {
    "fields": {
      "attribute": 20,
      "name": "700ml",
      "slug": "700ml",
      "sort_order": 0,
      "value": ""
    },
    "model": "product.attributevalue",
    "pk": 67
  },
  {
    "fields": {
      "attribute": 21,
      "name": "5.1%",
      "slug": "51",
      "sort_order": 0,
      "value": ""
    },
    "model": "product.attributevalue",
    "pk": 68
  },
  {
    "fields": {
      "attribute": 21,
      "name": "6.7%",
      "slug": "67",
      "sort_order": 1,
      "value": ""
    },
    "model": "product.attributevalue",
    "pk": 69
  },
  {
    "fields": {
      "attribute": 22,
      "name": "45cm x 45cm",
      "slug": "45cm-x-45cm",
      "sort_order": 0,
      "value": ""
    },
    "model": "product.attributevalue",
    "pk": 70
  },
  {
    "fields": {
      "attribute": 22,
      "name": "55cm x 55cm",
      "slug": "55cm-x-55cm",
      "sort_order": 1,
      "value": ""
    },
    "model": "product.attributevalue",
    "pk": 71
  },
  {
    "fields": {
      "attribute": 23,
      "name": "Cotton",
      "slug": "cotton",
      "sort_order": 0,
      "value": ""
    },
    "model": "product.attributevalue",
    "pk": 72
  },
  {
    "fields": {
      "attribute": 23,
      "name": "Elastane",
      "slug": "elastane",
      "sort_order": 1,
      "value": ""
    },
    "model": "product.attributevalue",
    "pk": 73
  },
  {
    "fields": {
      "attribute": 23,
      "name": "Polyester",
      "slug": "polyester",
      "sort_order": 2,
      "value": ""
    },
    "model": "product.attributevalue",
    "pk": 74
  },
  {
    "fields": {
      "attribute": 24,
      "name": "39",
      "slug": "39",
      "sort_order": 0,
      "value": ""
    },
    "model": "product.attributevalue",
    "pk": 75
  },
  {
    "fields": {
      "attribute": 24,
      "name": "40",
      "slug": "40",
      "sort_order": 1,
      "value": ""
    },
    "model": "product.attributevalue",
    "pk": 76
  },
  {
    "fields": {
      "attribute": 24,
      "name": "41",
      "slug": "41",
      "sort_order": 2,
      "value": ""
    },
    "model": "product.attributevalue",
    "pk": 77
  },
  {
    "fields": {
      "attribute": 24,
      "name": "42",
      "slug": "42",
      "sort_order": 3,
      "value": ""
    },
    "model": "product.attributevalue",
    "pk": 78
  },
  {
    "fields": {
      "attribute": 24,
      "name": "43",
      "slug": "43",
      "sort_order": 4,
      "value": ""
    },
    "model": "product.attributevalue",
    "pk": 79
  },
  {
    "fields": {
      "attribute": 24,
      "name": "44",
      "slug": "44",
      "sort_order": 5,
      "value": ""
    },
    "model": "product.attributevalue",
    "pk": 80
  },
  {
    "fields": {
      "attribute": 24,
      "name": "45",
      "slug": "45",
      "sort_order": 6,
      "value": ""
    },
    "model": "product.attributevalue",
    "pk": 81
  },
  {
    "fields": {
      "attribute": 25,
      "name": "Cotton",
      "slug": "cotton",
      "sort_order": 0,
      "value": ""
    },
    "model": "product.attributevalue",
    "pk": 82
  },
  {
    "fields": {
      "alt": "",
      "image": "products/saleordemoproduct_paints_01_oDLxDCy.png",
      "ppoi": "0.5x0.5",
      "product": 61,
      "sort_order": 0
    },
    "model": "product.productimage",
    "pk": 1
  },
  {
    "fields": {
      "alt": "",
      "image": "products/saleordemoproduct_paints_02_dYeeCcU.png",
      "ppoi": "0.5x0.5",
      "product": 62,
      "sort_order": 0
    },
    "model": "product.productimage",
    "pk": 2
  },
  {
    "fields": {
      "alt": "",
      "image": "products/saleordemoproduct_paints_03_ecuGs1J.png",
      "ppoi": "0.5x0.5",
      "product": 63,
      "sort_order": 0
    },
    "model": "product.productimage",
    "pk": 3
  },
  {
    "fields": {
      "alt": "",
      "image": "products/saleordemoproduct_paints_04_I0scMFo.png",
      "ppoi": "0.5x0.5",
      "product": 64,
      "sort_order": 0
    },
    "model": "product.productimage",
    "pk": 4
  },
  {
    "fields": {
      "alt": "",
      "image": "products/saleordemoproduct_paints_05_uUmCypw.png",
      "ppoi": "0.5x0.5",
      "product": 65,
      "sort_order": 0
    },
    "model": "product.productimage",
    "pk": 5
  },
  {
    "fields": {
      "alt": "",
      "image": "products/saleordemoproduct_fd_juice_06_HmbdNY4.png",
      "ppoi": "0.5x0.5",
      "product": 71,
      "sort_order": 0
    },
    "model": "product.productimage",
    "pk": 6
  },
  {
    "fields": {
      "alt": "",
      "image": "products/saleordemoproduct_fd_juice_06_6xzhMf1.png",
      "ppoi": "0.5x0.5",
      "product": 72,
      "sort_order": 0
    },
    "model": "product.productimage",
    "pk": 7
  },
  {
    "fields": {
      "alt": "",
      "image": "products/saleordemoproduct_fd_juice_05_IJL7VJy.png",
      "ppoi": "0.5x0.5",
      "product": 73,
      "sort_order": 0
    },
    "model": "product.productimage",
    "pk": 8
  },
  {
    "fields": {
      "alt": "",
      "image": "products/saleordemoproduct_fd_juice_01_YXqoj52.png",
      "ppoi": "0.5x0.5",
      "product": 74,
      "sort_order": 0
    },
    "model": "product.productimage",
    "pk": 9
  },
  {
    "fields": {
      "alt": "",
      "image": "products/saleordemoproduct_fd_juice_03_daLOjXa.png",
      "ppoi": "0.5x0.5",
      "product": 75,
      "sort_order": 0
    },
    "model": "product.productimage",
    "pk": 10
  },
  {
    "fields": {
      "alt": "",
      "image": "products/saleordemoproduct_fd_juice_02_Bom9fYH.png",
      "ppoi": "0.5x0.5",
      "product": 76,
      "sort_order": 0
    },
    "model": "product.productimage",
    "pk": 11
  },
  {
    "fields": {
      "alt": "",
      "image": "products/saleordemoproduct_fd_juice_03_9VGzlb8.png",
      "ppoi": "0.5x0.5",
      "product": 77,
      "sort_order": 0
    },
    "model": "product.productimage",
    "pk": 12
  },
  {
    "fields": {
      "alt": "",
      "image": "products/saleordemoproduct_fd_juice_04_EBNnBub.png",
      "ppoi": "0.5x0.5",
      "product": 78,
      "sort_order": 0
    },
    "model": "product.productimage",
    "pk": 13
  },
  {
    "fields": {
      "alt": "",
      "image": "products/saleordemoproduct_fd_juice_02_7aTGENJ.png",
      "ppoi": "0.5x0.5",
      "product": 79,
      "sort_order": 0
    },
    "model": "product.productimage",
    "pk": 14
  },
  {
    "fields": {
      "alt": "",
      "image": "products/saleordemoproduct_wine-red_L78mDRW.png",
      "ppoi": "0.5x0.5",
      "product": 81,
      "sort_order": 0
    },
    "model": "product.productimage",
    "pk": 15
  },
  {
    "fields": {
      "alt": "",
      "image": "products/saleordemoproduct_wine-white_1MuPoeA.png",
      "ppoi": "0.5x0.5",
      "product": 82,
      "sort_order": 0
    },
    "model": "product.productimage",
    "pk": 16
  },
  {
    "fields": {
      "alt": "",
      "image": "products/saleordemoproduct_beer-02_1_oN44DoF.png",
      "ppoi": "0.5x0.5",
      "product": 83,
      "sort_order": 0
    },
    "model": "product.productimage",
    "pk": 17
  },
  {
    "fields": {
      "alt": "",
      "image": "products/saleordemoproduct_beer-02_2_QTLg6Ak.png",
      "ppoi": "0.5x0.5",
      "product": 83,
      "sort_order": 1
    },
    "model": "product.productimage",
    "pk": 18
  },
  {
    "fields": {
      "alt": "",
      "image": "products/saleordemoproduct_beer-01_1_4L2SEHt.png",
      "ppoi": "0.5x0.5",
      "product": 84,
      "sort_order": 0
    },
    "model": "product.productimage",
    "pk": 19
  },
  {
    "fields": {
      "alt": "",
      "image": "products/saleordemoproduct_beer-01_2_7EIUR1Y.png",
      "ppoi": "0.5x0.5",
      "product": 84,
      "sort_order": 1
    },
    "model": "product.productimage",
    "pk": 20
  },
  {
    "fields": {
      "alt": "",
      "image": "products/saleordemoproduct_cuschion01_oH3nVyE.png",
      "ppoi": "0.5x0.5",
      "product": 85,
      "sort_order": 0
    },
    "model": "product.productimage",
    "pk": 21
  },
  {
    "fields": {
      "alt": "",
      "image": "products/saleordemoproduct_cuschion02_0Ffs5uM.png",
      "ppoi": "0.5x0.5",
      "product": 86,
      "sort_order": 0
    },
    "model": "product.productimage",
    "pk": 22
  },
  {
    "fields": {
      "alt": "",
      "image": "products/saleordemoproduct_sneakers_01_1_XvwtpKL.png",
      "ppoi": "0.5x0.5",
      "product": 87,
      "sort_order": 0
    },
    "model": "product.productimage",
    "pk": 23
  },
  {
    "fields": {
      "alt": "",
      "image": "products/saleordemoproduct_sneakers_01_2_MGs9tPf.png",
      "ppoi": "0.5x0.5",
      "product": 87,
      "sort_order": 1
    },
    "model": "product.productimage",
    "pk": 24
  },
  {
    "fields": {
      "alt": "",
      "image": "products/saleordemoproduct_sneakers_01_3_Ashbw90.png",
      "ppoi": "0.5x0.5",
      "product": 87,
      "sort_order": 2
    },
    "model": "product.productimage",
    "pk": 25
  },
  {
    "fields": {
      "alt": "",
      "image": "products/saleordemoproduct_sneakers_01_4_Nsfi7nb.png",
      "ppoi": "0.5x0.5",
      "product": 87,
      "sort_order": 3
    },
    "model": "product.productimage",
    "pk": 26
  },
  {
    "fields": {
      "alt": "",
      "image": "products/saleordemoproduct_sneakers_02_1_0NmWUHZ.png",
      "ppoi": "0.5x0.5",
      "product": 88,
      "sort_order": 0
    },
    "model": "product.productimage",
    "pk": 27
  },
  {
    "fields": {
      "alt": "",
      "image": "products/saleordemoproduct_sneakers_02_2_YhRTBfj.png",
      "ppoi": "0.5x0.5",
      "product": 88,
      "sort_order": 1
    },
    "model": "product.productimage",
    "pk": 28
  },
  {
    "fields": {
      "alt": "",
      "image": "products/saleordemoproduct_sneakers_02_3_08YgqUk.png",
      "ppoi": "0.5x0.5",
      "product": 88,
      "sort_order": 2
    },
    "model": "product.productimage",
    "pk": 29
  },
  {
    "fields": {
      "alt": "",
      "image": "products/saleordemoproduct_sneakers_02_4_w8mSSO0.png",
      "ppoi": "0.5x0.5",
      "product": 88,
      "sort_order": 3
    },
    "model": "product.productimage",
    "pk": 30
  },
  {
    "fields": {
      "alt": "",
      "image": "products/saleordemoproduct_cl_boot07_1_e8sCf37.png",
      "ppoi": "0.5x0.5",
      "product": 89,
      "sort_order": 0
    },
    "model": "product.productimage",
    "pk": 31
  },
  {
    "fields": {
      "alt": "",
      "image": "products/saleordemoproduct_cl_boot07_2_AKDlzhy.png",
      "ppoi": "0.5x0.5",
      "product": 89,
      "sort_order": 1
    },
    "model": "product.productimage",
    "pk": 32
  },
  {
    "fields": {
      "alt": "",
      "image": "products/saleordemoproduct_cl_polo01_QW0gy1O.png",
      "ppoi": "0.5x0.5",
      "product": 107,
      "sort_order": 0
    },
    "model": "product.productimage",
    "pk": 33
  },
  {
    "fields": {
      "alt": "",
      "image": "products/saleordemoproduct_cl_polo02_v8M2QAi.png",
      "ppoi": "0.5x0.5",
      "product": 108,
      "sort_order": 0
    },
    "model": "product.productimage",
    "pk": 34
  },
  {
    "fields": {
      "alt": "",
      "image": "products/saleordemoproduct_cl_polo03-woman_oRoDSw5.png",
      "ppoi": "0.5x0.5",
      "product": 109,
      "sort_order": 0
    },
    "model": "product.productimage",
    "pk": 35
  },
  {
    "fields": {
      "alt": "",
      "image": "products/saleordemoproduct_cl_polo04-woman_yGAtCeK.png",
      "ppoi": "0.5x0.5",
      "product": 110,
      "sort_order": 0
    },
    "model": "product.productimage",
    "pk": 36
  },
  {
    "fields": {
      "alt": "",
      "image": "products/saleordemoproduct_cl_boot01_1_jI02bAX.png",
      "ppoi": "0.5x0.5",
      "product": 111,
      "sort_order": 0
    },
    "model": "product.productimage",
    "pk": 37
  },
  {
    "fields": {
      "alt": "",
      "image": "products/saleordemoproduct_cl_boot01_2_KLnOyhb.png",
      "ppoi": "0.5x0.5",
      "product": 111,
      "sort_order": 1
    },
    "model": "product.productimage",
    "pk": 38
  },
  {
    "fields": {
      "alt": "",
      "image": "products/saleordemoproduct_cl_boot01_3_Xjg8APp.png",
      "ppoi": "0.5x0.5",
      "product": 111,
      "sort_order": 2
    },
    "model": "product.productimage",
    "pk": 39
  },
  {
    "fields": {
      "alt": "",
      "image": "products/saleordemoproduct_cl_boot03_1_ywqz7uH.png",
      "ppoi": "0.5x0.5",
      "product": 112,
      "sort_order": 0
    },
    "model": "product.productimage",
    "pk": 40
  },
  {
    "fields": {
      "alt": "",
      "image": "products/saleordemoproduct_cl_boot03_2_wV7k4pO.png",
      "ppoi": "0.5x0.5",
      "product": 112,
      "sort_order": 1
    },
    "model": "product.productimage",
    "pk": 41
  },
  {
    "fields": {
      "alt": "",
      "image": "products/saleordemoproduct_cl_boot06_1_4bsW9kx.png",
      "ppoi": "0.5x0.5",
      "product": 113,
      "sort_order": 0
    },
    "model": "product.productimage",
    "pk": 42
  },
  {
    "fields": {
      "alt": "",
      "image": "products/saleordemoproduct_cl_boot06_2_0RCGicU.png",
      "ppoi": "0.5x0.5",
      "product": 113,
      "sort_order": 1
    },
    "model": "product.productimage",
    "pk": 43
  },
  {
    "fields": {
      "alt": "",
      "image": "products/saleordemoproduct_cl_boot06_1_cYlPLAW.png",
      "ppoi": "0.5x0.5",
      "product": 114,
      "sort_order": 0
    },
    "model": "product.productimage",
    "pk": 44
  },
  {
    "fields": {
      "alt": "",
      "image": "products/saleordemoproduct_cl_boot06_2_N2UbilJ.png",
      "ppoi": "0.5x0.5",
      "product": 114,
      "sort_order": 1
    },
    "model": "product.productimage",
    "pk": 45
  },
  {
    "fields": {
      "alt": "",
      "image": "products/saleordemoproduct_cl_bogo01_1_CyHpJvU.png",
      "ppoi": "0.5x0.5",
      "product": 115,
      "sort_order": 0
    },
    "model": "product.productimage",
    "pk": 46
  },
  {
    "fields": {
      "alt": "",
      "image": "products/saleordemoproduct_cl_bogo02_1_HaTZ5us.png",
      "ppoi": "0.5x0.5",
      "product": 116,
      "sort_order": 0
    },
    "model": "product.productimage",
    "pk": 47
  },
  {
    "fields": {
      "alt": "",
      "image": "products/saleordemoproduct_cl_bogo03_1_Zt5it75.png",
      "ppoi": "0.5x0.5",
      "product": 117,
      "sort_order": 0
    },
    "model": "product.productimage",
    "pk": 48
  },
  {
    "fields": {
      "alt": "",
      "image": "products/saleordemoproduct_cl_bogo04_1_QZj7pyB.png",
      "ppoi": "0.5x0.5",
      "product": 118,
      "sort_order": 0
    },
    "model": "product.productimage",
    "pk": 49
  },
  {
    "fields": {
      "alt": "",
      "image": "products/saleordemoproduct_cl_bogo04_2_NxSedt9.png",
      "ppoi": "0.5x0.5",
      "product": 118,
      "sort_order": 1
    },
    "model": "product.productimage",
    "pk": 50
  },
  {
    "fields": {
      "background_image": "collection-backgrounds/summer_O96Ivuv.jpg",
      "background_image_alt": "",
      "description": "The Saleor Summer Collection features a range of products that feel the heat of the market. A demo store for all seasons. Saleor captures the open source, e-commerce sun.",
      "description_json": {
        "blocks": [
          {
            "data": {},
            "depth": 0,
            "entityRanges": [],
            "inlineStyleRanges": [],
            "key": "",
            "text": "The Saleor Summer Collection features a range of products that feel the heat of the market. A demo store for all seasons. Saleor captures the open source, e-commerce sun.",
            "type": "unstyled"
          }
        ],
        "entityMap": {}
      },
      "is_published": true,
      "name": "Summer collection",
      "products": [
        73,
        110,
        83,
        86
      ],
      "publication_date": null,
      "seo_description": null,
      "seo_title": null,
      "slug": "summer-collection"
    },
    "model": "product.collection",
    "pk": 1
  },
  {
    "fields": {
      "background_image": "collection-backgrounds/clothing_TuZmZFT.jpg",
      "background_image_alt": "",
      "description": "The Saleor Winter Sale is snowed under with seasonal offers. Unreal products at unreal prices. Literally, they are not real products, but the Saleor demo store is a genuine e-commerce leader.",
      "description_json": {
        "blocks": [
          {
            "data": {},
            "depth": 0,
            "entityRanges": [],
            "inlineStyleRanges": [],
            "key": "",
            "text": "The Saleor Winter Sale is snowed under with seasonal offers. Unreal products at unreal prices. Literally, they are not real products, but the Saleor demo store is a genuine e-commerce leader.",
            "type": "unstyled"
          }
        ],
        "entityMap": {}
      },
      "is_published": true,
      "name": "Winter sale",
      "products": [
        61,
        110,
        84,
        83
      ],
      "publication_date": null,
      "seo_description": null,
      "seo_title": null,
      "slug": "winter-sale"
    },
    "model": "product.collection",
    "pk": 2
  }
]
